region_id,affordance,acd_granularity,faces,xmin,ymin,zmin,xmax,ymax,zmax,maxConvexHulls,acdThreshold
1,lift,0.6,"[520, 521, 522, 523, 524, 525, 526, 527, 528, 542, 543, 544, 545, 546, 547, 548, 549, 550, 551, 552, 553, 554, 561, 562, 563, 564, 565, 566, 567, 568, 569, 584, 585, 586, 587, 588, 589, 590, 591, 592, 593, 594, 595, 602, 603, 604, 605, 606, 607, 608, 609, 935, 611, 612, 620, 621, 624, 625, 626, 627, 628, 629, 630, 631, 632, 633, 634, 635, 636, 637, 126, 644, 645, 646, 135, 647, 648, 649, 650, 651, 652, 657, 661, 662, 663, 664, 665, 666, 155, 667, 157, 669, 670, 671, 672, 673, 674, 668, 168, 681, 682, 683, 684, 685, 686, 687, 689, 690, 693, 694, 695, 696, 697, 191, 705, 194, 195, 706, 707, 717, 718, 720, 209, 210, 211, 721, 726, 727, 728, 733, 734, 223, 736, 236, 237, 252, 253, 766, 254, 770, 776, 269, 782, 787, 793, 282, 284, 285, 798, 291, 292, 293, 806, 294, 295, 296, 297, 811, 298, 814, 816, 817, 820, 822, 825, 827, 828, 829, 830, 831, 833, 834, 835, 836, 325, 326, 327, 839, 842, 335, 336, 337, 338, 339, 340, 341, 342, 864, 868, 877, 883, 884, 887, 376, 377, 891, 894, 383, 384, 897, 385, 386, 387, 900, 899, 903, 905, 910, 911, 914, 915, 916, 405, 406, 919, 920, 921, 923, 924, 925, 926, 928, 929, 930, 419, 420, 931, 932, 933, 424, 425, 426, 427, 428, 939, 940, 937, 944, 938, 942, 945, 943, 444, 445, 446, 447, 458, 459, 460, 461, 462, 463, 465, 466, 467, 481, 482, 483, 484, 485, 504, 505, 506, 507, 508, 509, 510]",-0.689873993396759,-0.32199299335479736,0.39383000135421753,0.13864800333976746,0.34545499086380005,0.5007230043411255,50,0.002
18,lift,0.6,"[8330, 8331, 8332, 8333, 8334, 8335, 8338, 8339, 8341, 8342, 8347, 8421, 8428, 8429, 8439, 8446, 8448, 8449, 8462, 8463, 6676, 6679, 6695, 6696, 6704, 6706, 6708, 6709, 6710, 6711, 6712, 6713, 6714, 6715, 6716, 6717, 6718, 6719, 6902, 6903, 6904, 6905, 6906, 6908, 6909, 6910, 6911, 6912, 6913, 6914, 6915, 6916, 6917, 6918, 6919, 6921, 6922, 6923, 6925, 6926, 6927, 6928, 6929, 6930, 6931, 6932, 6933, 6934, 6935, 6936, 6937, 6938, 6939, 6940, 6941, 6942, 6943, 6944, 6946, 6947, 6948, 6950, 6951, 6952, 6953, 6954, 6955, 6956, 6957, 6958, 6959, 6960, 6961, 6962, 6963, 6964, 6966, 6967, 6970, 6971, 6972, 6973, 6974, 6975, 6976, 6977, 6978, 6979, 6995, 6997, 6998, 6999, 7000, 7001, 7002, 7003, 7004, 7005, 7006, 7007, 7008, 7009, 7011, 7012, 7013, 7015, 7018, 7019, 7020, 7021, 7022, 7023, 7024, 7025, 7026, 7027, 7028, 7029, 7030, 7031, 7032, 7033, 7034, 7035, 7036, 7037, 7038, 7039, 7040, 7041, 7042, 7043, 7044, 7045, 7046, 7047, 7048, 7049, 7050, 7051, 7052, 7053, 7054, 7055, 7056, 7057, 7058, 7059, 7060, 7061, 7062, 7063, 7064, 7065, 7066, 7067, 7068, 7069, 7070, 7071, 7072, 7073, 7074, 7075, 7116, 7117, 7118, 7119, 7120, 7121, 7122, 7123, 7124, 7125, 7126, 7127, 7128, 7129, 7130, 7131, 7132, 7133, 7134, 7135, 7136, 7137, 7138, 7139, 7140, 7141, 7142, 7143, 7145, 7146, 7148, 7149, 7152, 7154, 7155, 7156, 7157, 7158, 7159, 7160, 7161, 7162, 7163, 7164, 7165, 7166, 7167, 7168, 7169, 7170, 7171, 7261, 7268, 7269, 7270, 7297, 7298, 7299, 7301, 7302, 7303, 7306, 7308, 7309, 7310, 7311, 7312, 7313, 7314, 7315, 7316, 7317, 7318, 7319, 7320, 7322, 7324, 7325, 7326, 7327, 7329, 7330, 7331, 7333, 7334, 7335, 7338, 7340, 7341, 7342, 7343, 7344, 7346, 7347, 7348, 7349, 7350, 7351, 7353, 7354, 7356, 7357, 7358, 7359, 7360, 7361, 7362, 7363, 7368, 7369, 7370, 7371, 7372, 7373, 7374, 7375, 7376, 7377, 7378, 7379, 7380, 7381, 7382, 7383, 7384, 7385, 7386, 7387, 7388, 7389, 7390, 7391, 7392, 7393, 7394, 7395, 7396, 7397, 7398, 7399, 7400, 7401, 7402, 7403, 7404, 7405, 7406, 7407, 7408, 7409, 7410, 7411, 7412, 7413, 7414, 7415, 7416, 7417, 7418, 7419, 7420, 7421, 7422, 7423, 7424, 7425, 7426, 7427, 7428, 7429, 7430, 7431, 7432, 7433, 7434, 7435, 7436, 7437, 7438, 7439, 7440, 7441, 7442, 7443, 7444, 7445, 7446, 7447, 7448, 7450, 7453, 7454, 7456, 7457, 7458, 7459, 7460, 7461, 7462, 7463, 7464, 7465, 7466, 7467, 7468, 7469, 7470, 7471, 7472, 7473, 7474, 7475, 7476, 7477, 7478, 7479, 7480, 7481, 7482, 7483, 7484, 7485, 7486, 7487, 7488, 7489, 7618, 7619, 7620, 7621, 7622, 7623, 7624, 7625, 7626, 7627, 7628, 7629, 7630, 7631, 7632, 7633, 7634, 7635, 7636, 7637, 7638, 7639, 7640, 7641, 7642, 7643, 7644, 7645, 7646, 7648, 7649, 7650, 7651, 7652, 7653, 7654, 7655, 7656, 7700, 7703, 7710, 7711, 7712, 7713, 7714, 7715, 7716, 7717, 7718, 7719, 7720, 7721, 7722, 7723, 7724, 7725, 7740, 7741, 7742, 7743, 7744, 7745, 7754, 7755, 7756, 7757, 7758, 7759, 7761, 7762, 7764, 7765, 7766, 7767, 7768, 7769, 7771, 7772, 7773, 7774, 7775, 7776, 7777, 7778, 7779, 7780, 7781, 7782, 7783, 7784, 7785, 7786, 7787, 7788, 7789, 7790, 7791, 7792, 7793, 7864, 7870, 7871, 7880, 7884, 7885, 7888, 7889, 8018, 8019, 8020, 8021, 8022, 8023, 8024, 8025, 8026, 8027, 8028, 8029, 8030, 8031, 8032, 8033, 8034, 8035, 8036, 8037, 8038, 8040, 8043, 8044, 8046, 8047, 8070, 8100, 8101, 8106, 8107, 8112, 8113, 8116, 8117, 8120, 8121, 8124, 8125, 8128, 8140, 8144]",-0.7583820223808289,0.15830199420452118,0.3048650026321411,-0.2117220014333725,0.40595999360084534,0.5009269714355469,50,0.002
20,openable,1.0,"[7233, 7238, 8290, 8291, 8292, 8293, 8294, 8295, 8296, 8297, 8298, 8299, 8300, 8301, 8302, 8303, 8304, 8305, 8306, 8307, 8308, 8309, 8310, 8311, 8312, 8313, 8314, 8315, 8316, 8317, 8318, 8319, 8320, 8321, 8322, 8323, 8324, 8325, 8326, 8327, 8328, 8329, 7304, 7305, 7307, 8336, 8337, 8340, 8343, 8344, 8345, 8346, 8348, 8349, 8350, 8351, 8352, 8353, 8354, 8355, 8356, 8357, 8358, 8359, 8360, 8361, 8362, 8363, 8364, 8365, 8366, 8367, 8368, 8371, 8374, 8375, 8376, 8383, 8384, 8385, 8386, 8387, 8389, 8392, 8393, 8394, 8395, 8396, 8397, 8398, 8399, 8400, 8401, 8407, 8408, 8409, 8433, 8434, 8435, 8436, 8437, 8438, 8440, 8441, 8442, 8443, 8444, 8445, 8447, 8452, 8453, 8454, 8455, 8456, 8457, 8459, 7449, 7451, 7452, 7455, 7291]",-0.7108860015869141,0.06470700353384018,0.45987099409103394,-0.2324800044298172,0.40553098917007446,0.5007389783859253,800,0.0
21,lift,0.6,"[8450, 8451, 8460, 8461, 8099, 8484, 8485, 8486, 8487, 8488, 8489, 8490, 7851, 8491, 8493, 8492, 8494, 8495, 8111, 8114, 7859, 8115, 8497, 8110, 8496, 8498, 8499, 8122, 8123, 8501, 8119, 8102, 8118, 7872, 8103, 8130, 8131, 8127, 7879, 8137, 7882, 8139, 8138, 8105, 7886, 7887, 8143, 8142, 8402, 8403, 8147, 8404, 8406, 8151, 7852, 8405, 8410, 8411, 8108, 8413, 8414, 8415, 8416, 8109, 8418, 8419, 8422, 8423, 8424, 8426, 8427, 8430, 8431, 8432, 7860]",-0.44074299931526184,0.3487209975719452,0.3362779915332794,-0.1807129979133606,0.40595999360084534,0.49674999713897705,50,0.002
32,openable,1.0,"[11836, 11837, 11838, 11840, 11841, 11842, 11843, 28883, 11848, 28894, 28895, 28897, 28898, 28899, 28900, 11850, 28901, 11853, 11854, 11855, 28943, 11859, 28946, 11864, 24882, 24883, 11866, 24886, 15939, 24904, 24905, 24906, 24907, 24908, 24909, 24910, 24911, 24912, 24913, 24914, 24915, 24916, 24917, 24918, 24919, 24920, 11873, 24922, 24923, 11872, 24926, 11874, 24928, 24929, 24930, 24931, 24932, 24933, 24934, 24935, 24936, 24937, 24938, 24939, 24940, 24941, 24942, 24943, 24944, 24945, 24947, 24948, 24949, 24951, 24952, 24953, 24954, 24955, 24956, 24957, 24958, 24959, 24960, 24961, 24962, 24963, 24964, 24965, 24966, 11888, 11890, 12785, 12787, 12808, 12809, 12810, 12811, 12813, 12814, 12815, 12816, 12817, 12818, 12820, 12821, 12822, 12823, 12825, 12826, 12827, 12829, 12830, 12831, 12832, 12833, 12834, 12835, 12836, 12837, 12838, 12839, 12859, 12864, 12865, 12866, 12867, 12869, 12870, 12871, 17070, 17082, 17083, 17084, 17086, 17087, 17088, 17089, 17130, 17135, 25710, 25712, 25734, 25735, 25736, 25737, 25738, 25740, 25741, 25742, 25743, 25745, 25746, 25747, 25748, 25749, 25750, 25752, 25753, 25754, 25756, 25757, 25758, 25759, 25760, 25761, 25762, 25763, 25764, 25765, 25800, 25806, 25807, 25808, 25809, 25810, 25812, 25813, 11523, 11527, 11528, 11532, 11533, 11534, 11535, 11536, 11537, 11538, 11539, 11540, 11541, 11542, 11543, 11544, 11545, 11546, 11547, 11548, 11549, 11550, 11551, 11553, 11554, 11556, 11557, 11558, 11559, 11560, 11561, 11562, 11563, 11564, 11565, 11566, 11567, 11572, 11575, 11576, 11577, 11578, 11579, 11580, 11581, 11582, 11583, 11584, 11585, 11586, 11587, 11588, 11589, 11590, 11591, 11592, 11593, 11594, 11595, 15724, 15725, 15726, 15727, 15728, 15729, 15730, 15731, 15732, 15733, 15734, 15736, 11641, 15738, 15739, 15740, 15741, 15742, 15737, 15743, 11642, 11660, 11661, 15757, 15758, 11664, 11665, 11666, 11667, 11668, 11669, 11663, 11662, 11672, 11673, 11674, 11675, 11671, 11670, 11686, 11687, 11691, 11708, 11711, 11712, 11713, 11714, 11715, 11716, 11717, 11718, 11719, 11720, 11721, 11722, 11723, 11724, 11725, 11726, 11727, 11728, 11729, 11730, 11731, 11732, 11733, 11734, 11735, 11736, 11737, 11738, 11739, 11740, 11741, 11742, 11743, 11744, 11745, 11746, 11747, 11748, 11749, 11750, 11751, 11752, 11753, 11754, 11755, 11756, 11757, 11758, 11759, 11760, 11761, 11762, 11763, 11764, 11765, 11766, 11767, 11768, 11769, 11770, 11771, 11773, 11774, 11777, 11778, 11780, 11781, 11782, 11783, 11784, 11785, 11786, 11787, 11788, 11789, 11790, 11791, 11792, 11793, 11794, 11795, 11796, 11799, 11800, 11801, 11802, 11803, 11804, 11805, 11806, 11807, 11809, 11810, 11812, 11813, 11814, 11815, 11816, 11817, 11818, 11819, 11829, 11830, 15932, 15933, 15934, 15935, 15936, 15937, 15938, 11839, 15940, 15941, 15942, 11845, 15944, 15945, 15943, 11847, 11844, 15949, 11846, 15946, 15948, 11849, 15947, 11851, 15950, 15951, 11861, 11863, 11860, 11862, 11865, 11867, 15964, 15965, 11869, 11871, 15968, 15969, 15967, 11868, 11870, 11877, 15966, 15970, 15976, 11876, 11878, 15971, 11875, 11881, 15979, 11880, 11882, 11885, 11887, 11884, 11886, 11893, 11892, 11895, 11894, 11889, 11891, 11897, 11899, 11896]",0.1520339995622635,-0.30982598662376404,0.46165698766708374,0.6286259889602661,0.09589999914169312,0.4898790121078491,800,0.0
35,move,0.6,"[17152, 17153, 17154, 17155, 17156, 17157, 17158, 17159, 17160, 17161, 16652, 16653, 16657, 16535, 16664, 16665, 16539, 16668, 12701, 16669, 16551, 17198, 12720, 16562, 16563, 12724, 12725, 16564, 12727, 12726, 16569, 16565, 16567, 16566, 16568, 16574, 16575, 16576, 16577, 16578, 16579, 16580, 16581, 17094, 17096, 17118, 17133, 17134, 17136, 17137, 17138, 17139, 17140, 17141, 17142, 17143, 17144, 17145, 17146, 17147, 17148, 17149, 17150, 17151]",0.5369719862937927,-0.06016400083899498,0.3362709879875183,0.6568260192871094,0.2831360101699829,0.48480498790740967,50,0.002
37,move,0.6,"[15872, 15873, 15874, 15875, 15876, 15877, 15878, 15879, 15886, 15888, 15889, 15890, 15891, 14869, 14870, 15900, 15901, 15902, 15903, 15904, 15905, 15906, 15907, 15908, 15911, 15912, 15914, 15915, 15916, 15917, 15918, 15919, 15920, 15921, 15922, 15923, 15924, 15925, 15926, 15927, 15928, 15929, 15930, 15931, 8542, 8543, 8288, 8556, 15022, 15029, 15030, 14783, 14785, 14786, 15812, 15813, 15048, 15049, 15050, 15051, 14792, 14793, 14794, 14795, 15056, 15057, 15058, 15059, 14796, 14797, 14799, 14800, 14802, 14809, 14811, 15838, 15840, 15841, 15842, 15844, 15845, 15846, 15848, 15849, 15855, 15857, 15858, 15859, 15860, 15861, 15862, 15863, 15864, 15865, 15866, 15867, 15868, 15869, 15870, 15871]",-0.09733899682760239,0.2830449938774109,0.36483800411224365,0.1940539926290512,0.40595999360084534,0.49142301082611084,50,0.002
40,openable,1.0,"[768, 15880, 15881, 15882, 15883, 15884, 15885, 15887, 15892, 15895, 15896, 15899, 15140, 15143, 15144, 15145, 15146, 15147, 14640, 14641, 15152, 15153, 14642, 14643, 15155, 15154, 15444, 15445, 14932, 15446, 15448, 15449, 15447, 15450, 15452, 14940, 14941, 15451, 15456, 14945, 14942, 14943, 15460, 15461, 15455, 14946, 15464, 15465, 14947, 15459, 15468, 15469, 14957, 15462, 15463, 15466, 15470, 14958, 15471, 118, 15996, 15999, 16000, 16001, 16002, 16003, 15750, 15752, 16008, 15755, 16011, 146, 147, 15764, 15765, 15766, 15767, 15768, 15769, 15770, 15771, 15772, 15773, 15774, 15775, 15776, 15777, 15778, 15779, 15780, 15781, 15782, 15783, 15784, 15785, 15786, 15787, 15788, 15789, 15790, 15791, 15792, 15793, 15794, 15795, 15796, 182, 15799, 15800, 15803, 188]",0.1382569968700409,-0.2727450132369995,0.36340901255607605,0.2565769851207733,0.373088002204895,0.495633989572525,800,0.0
51,move,0.6000000000000001,"[28288, 28289, 28290, 28292, 28293, 28294, 28295, 28296, 28297, 28298, 28299, 28300, 28245, 28336, 28256, 28367, 28281, 28370, 28371, 28244, 28373, 28246, 28247, 28248, 28249, 28250, 28251, 28252, 28253, 28382, 28383, 28284, 28385, 25442, 28386, 28387, 28285, 25446, 25447, 28264, 28389, 28262, 28270, 28271, 28272, 28273, 28274, 28275, 28276, 28277, 28287, 28279, 25464, 25465, 28282, 28283, 25468, 25469, 28286, 25471]",0.6511589884757996,-0.06017399951815605,-0.006852000020444393,0.6549199819564819,0.15830199420452118,0.27395498752593994,50,0.002
54,move,0.6000000000000001,"[27010, 27014, 27015, 27016, 27017, 27019, 27020, 27021, 27023, 27027, 26644, 26647, 26648, 26649, 26650, 26654, 26655, 26656, 26658, 26659, 26660, 26661, 26662, 26663, 26664, 26665, 26666, 26667, 26670, 27483, 26321, 27352, 27353, 27354, 27355, 27356, 27357, 27358, 27359, 27488, 27489, 27490, 27491, 27364, 27493, 27492, 27495, 27494, 27369, 27370, 27371, 27375, 27376, 27377, 27378, 27379, 27380, 27381, 27382]",0.31860899925231934,0.37559300661087036,-0.5755789875984192,0.6253290176391602,0.40595999360084534,-0.41262200474739075,50,0.002
56,openable,1.0,"[32768, 32769, 32770, 32771, 32772, 32773, 32774, 32775, 32776, 32777, 32778, 32779, 32780, 32781, 32782, 32783, 32784, 32785, 32786, 32787, 32788, 32789, 32790, 32791, 32792, 32793, 32794, 32795, 32796, 32797, 32798, 32799, 32800, 32801, 32802, 32803, 32804, 32805, 32806, 32807, 32808, 32809, 32810, 32811, 32812, 32813, 32814, 32815, 32816, 32817, 32818, 32819, 32820, 32821, 32822, 32823, 32824, 32825, 32826, 32827, 32828, 32829, 32830, 32831, 32832, 32833, 32834, 32835, 32836, 32837, 32838, 32839, 32840, 32841, 32842, 32843, 32844, 32845, 32846, 32847, 32848, 32849, 32850, 32851, 32852, 32853, 32854, 32855, 32856, 32857, 32858, 32859, 32860, 32861, 32862, 32863, 32864, 32865, 32866, 32867, 32868, 32869, 32870, 32871, 32872, 32873, 32874, 32875, 32876, 32877, 32878, 32879, 32880, 32881, 32882, 32883, 32884, 32885, 32886, 32887, 32888, 32889, 32890, 32891, 32892, 32893, 32894, 32895, 32896, 32897, 32898, 32899, 32900, 32901, 32902, 32903, 32904, 32905, 32906, 32907, 32908, 32909, 32910, 32911, 32912, 32913, 32914, 32915, 32916, 32917, 32918, 32919, 32920, 32921, 32922, 32923, 32924, 32925, 32926, 32927, 32928, 32929, 32930, 32931, 32932, 32933, 32934, 32935, 32936, 32937, 32938, 32939, 32940, 32941, 32942, 32943, 32944, 32945, 32946, 32947, 32948, 32949, 32950, 32951, 32952, 32953, 32954, 32955, 32956, 32957, 32958, 32959, 32960, 32961, 32962, 32963, 32964, 32965, 32966, 32967, 32968, 32969, 32970, 32971, 32972, 32973, 32974, 32975, 32976, 32977, 32978, 32979, 32980, 32981, 32982, 32983, 32984, 32985, 32986, 32987, 32988, 32989, 32990, 32991, 32992, 32993, 32994, 32995, 32996, 32997, 32998, 32999, 33000, 33001, 33002, 33003, 33004, 33005, 33006, 33007, 33008, 33009, 33010, 33011, 33012, 33013, 33014, 33015, 33016, 33017, 33018, 33019, 33020, 33021, 33022, 33023, 33024, 33025, 33026, 33027, 33028, 33029, 33030, 33031, 33032, 33033, 33034, 33035, 33036, 33037, 33038, 33039, 33040, 33041, 33042, 33043, 33044, 33045, 33046, 33047, 33048, 33049, 33050, 33051, 33052, 33053, 33054, 33055, 33056, 33057, 33058, 33059, 33060, 33061, 33062, 33063, 33064, 33065, 33066, 33067, 33068, 33069, 33070, 33071, 33072, 33073, 33074, 33075, 33076, 33077, 33078, 33079, 33080, 33081, 33082, 33083, 33084, 33085, 33086, 33087, 33088, 33089, 33090, 33091, 33092, 33093, 33094, 33095, 33096, 33097, 33098, 33099, 33100, 33101, 33102, 33103, 33104, 33105, 33106, 33107, 33108, 33109, 33110, 33111, 33112, 33113, 33114, 33115, 33116, 33117, 33118, 33119, 33120, 33121, 33122, 33123, 33124, 33125, 33126, 33127, 33128, 33129, 33130, 33131, 33132, 33133, 33134, 33135, 33136, 33137, 33138, 33139, 33140, 33141, 33142, 33143, 33144, 33145, 33146, 33147, 33148, 33149, 33150, 33151, 33152, 33153, 33154, 33155, 33156, 33157, 33158, 33159, 33160, 33161, 33162, 33163, 33164, 33165, 33166, 33167, 33168, 33169, 33170, 33171, 33172, 33173, 33174, 33175, 33176, 33177, 33178, 33179, 33180, 33181, 33182, 33183, 33184, 33185, 33186, 33187, 33188, 33189, 33190, 33191, 33192, 33193, 33194, 33195, 33196, 33197, 33198, 33199, 33200, 33201, 33202, 33203, 33204, 33205, 33206, 33207, 33208, 33209, 33210, 33211, 33212, 33213, 33214, 33215, 33216, 33217, 33218, 33219, 33220, 33221, 33222, 33223, 33224, 33225, 33226, 33227, 33228, 33229, 33230, 33231, 33232, 33233, 33234, 33235, 33236, 33237, 33238, 33239, 33240, 33241, 33242, 33243, 33244, 33245, 33246, 33247, 33248, 33249, 33250, 33251, 33252, 33253, 33254, 33255, 33256, 33257, 33258, 33259, 33260, 33261, 33262, 33263, 33264, 33265, 33266, 33267, 33268, 33269, 33270, 33271, 33272, 33273, 33274, 33275, 33276, 33277, 33278, 33279, 33280, 33281, 33282, 33283, 33284, 33285, 33286, 33287, 33288, 33289, 33290, 33291, 33292, 33293, 33294, 33295, 33296, 33297, 33298, 33299, 33300, 33301, 33302, 33303, 33304, 33305, 33306, 33307, 33308, 33309, 33310, 33311, 33312, 33313, 33314, 33315, 33316, 33317, 33318, 33319, 33320, 33321, 33322, 33323, 33324, 33325, 33326, 33327, 33328, 33329, 33330, 33331, 33332, 33333, 33334, 33335, 33336, 33337, 33338, 33339, 33340, 33341, 33342, 33343, 33344, 33345, 33346, 33347, 33348, 33349, 33350, 33351, 33352, 33353, 33354, 33355, 33356, 33357, 33358, 33359, 33360, 33361, 33362, 33363, 33364, 33365, 33366, 33367, 33368, 33369, 33370, 33371, 33372, 33373, 33374, 33375, 33376, 33377, 33378, 33379, 33380, 33381, 33382, 33383, 33384, 33385, 33386, 33387, 33388, 33389, 33390, 33392, 33393, 33394, 33395, 33396, 33397, 33398, 33399, 33400, 33401, 33402, 33403, 33404, 33405, 33406, 33407, 33408, 33409, 33410, 33411, 33412, 33413, 33414, 33415, 33417, 33420, 33421, 33424, 33425, 33426, 33427, 33428, 33429, 33430, 33431, 33432, 33433, 33434, 33435, 33436, 33437, 33438, 33439, 33440, 33441, 33442, 33443, 33444, 33445, 33446, 33447, 33448, 33449, 33450, 33451, 33452, 33453, 33454, 33455, 33456, 33457, 33458, 33459, 33460, 33461, 33462, 33463, 33464, 33465, 33466, 33467, 33468, 33469, 33470, 33471, 33472, 33473, 33474, 33475, 33476, 33477, 33478, 33479, 33480, 33481, 33482, 33483, 33484, 33485, 33486, 33487, 33488, 33489, 33490, 33491, 33562, 33563, 33564, 33565, 33566, 33567, 33568, 33569, 33570, 33571, 33572, 33573, 33574, 33575, 33576, 33577, 33578, 33579, 33580, 33581, 33582, 33583, 33584, 33585, 33586, 33587, 33588, 33589, 33590, 33591, 33592, 33593, 33594, 33595, 33596, 33597, 33598, 33599, 33600, 33601, 33602, 33603, 33604, 33605, 33606, 33607, 33608, 33609, 33610, 33611, 33612, 33613, 33614, 33615, 33616, 33617, 33618, 33619, 33620, 33621, 33622, 33623, 33624, 33625, 33626, 33627, 33628, 33629, 33630, 33631, 33632, 33633, 33634, 33635, 33636, 33637, 33638, 33639, 33640, 33641, 33642, 33643, 33644, 33645, 33646, 33647, 33648, 33649, 33650, 33651, 33652, 33653, 33654, 33655, 33656, 33657, 33658, 33659, 33660, 33661, 33662, 33663, 33664, 33665, 33666, 33667, 33668, 33669, 33670, 33671, 33672, 33673, 33674, 33675, 33676, 33677, 33678, 33679, 33680, 33681, 33682, 33683, 33684, 33685, 33686, 33687, 33688, 33689, 33690, 33691, 33692, 33693, 33694, 33695, 33696, 33697, 33698, 33699, 33700, 33701, 33702, 33703, 33704, 33705, 33706, 33707, 33708, 33709, 33710, 33711, 33712, 33713, 33714, 33715, 33716, 33717, 33718, 33719, 33720, 33721, 33722, 33723, 33724, 33725, 33726, 33727, 33728, 33729, 33730, 33731, 33732, 33733, 33734, 33735, 33736, 33737, 33738, 33739, 33740, 33741, 33742, 33743, 33744, 33745, 33746, 33747, 33748, 33749, 33750, 33751, 33752, 33753, 33754, 33755, 33756, 33757, 33758, 33759, 33760, 33761, 33762, 33763, 33764, 33765, 33766, 33767, 33768, 33769, 33770, 33771, 33772, 33773, 33775, 33777, 33778, 33779, 33780, 33781, 33782, 33785, 33898, 33900, 33902, 33903, 33904, 33905, 33907, 33908, 33909, 33910, 33911, 33912, 33913, 33914, 33916, 33918, 33919, 33920, 33921, 33922, 33923, 33924, 33925, 33926, 33927, 33928, 33929, 33930, 33931, 33932, 33933, 33934, 33935, 33936, 33937, 33938, 33939, 33940, 33941, 33942, 33943, 33944, 33945, 33946, 33947, 33948, 33949, 33950, 33951, 33952, 33953, 33954, 33955, 33956, 33957, 33958, 33959, 33960, 33961, 33962, 33964, 33965, 33966, 33967, 33968, 33969, 33970, 33971, 33973, 33974, 33975, 33976, 33977, 33978, 33982, 33994, 33995, 33996, 33997, 33998, 33999, 34000, 34002, 34003, 34004, 34005, 34006, 34007, 34009, 34633, 34634, 34635, 34636, 34637, 34638, 34639, 34640, 34641, 34642, 34643, 34644, 34645, 34646, 34647, 34648, 34649, 34650, 34651, 34652, 34653, 34654, 34655, 34656, 34657, 34658, 34659, 34660, 34661, 34662, 34663, 34664, 34665, 34666, 34667, 34668, 34669, 34670, 34671, 34672, 34673, 34674, 34675, 34676, 34677, 34678, 34679, 34680, 34681, 34682, 34683, 34684, 34685, 34686, 34687, 34688, 34689, 34690, 34691, 34692, 34693, 34694, 34695, 34696, 34697, 34698, 34699, 34701, 34702, 34703, 34705, 34706, 34708, 34709, 34710, 34712, 34729, 34730, 34731, 34733, 34734, 34737, 34738, 34740, 34741, 34742, 34761, 34762, 34763, 34764, 34765, 34766, 34767, 34768, 34769, 34770, 34771, 34772, 34773, 34774, 34775, 34776, 34777, 34778, 34779, 34780, 34781, 34782, 34783, 34784, 34785, 34786, 34787, 34788, 34789, 34790, 34791, 34792, 34793, 34794, 34795, 34796, 34797, 34798, 34799, 34800, 34801, 34802, 34803, 34804, 34805, 34806, 34807, 34808, 34809, 34810, 34811, 34812, 34813, 34814, 34815, 34816, 34817, 34818, 34819, 34820, 34821, 34822, 34823, 34824, 34857, 34861, 34866, 34870, 35145, 35146, 35147, 35148, 35149, 35150, 35151, 35152, 35153, 35154, 35155, 35156, 35157, 35158, 35159, 35160, 35161, 35162, 35163, 35164, 35165, 35166, 35167, 35168, 35169, 35170, 35171, 35172, 35173, 35174, 35175, 35176, 35177, 35178, 35179, 35180, 35181, 35182, 35183, 35184, 35185, 35186, 35187, 35188, 35189, 35190, 35191, 35192, 35193, 35194, 35195, 35196, 35197, 35198, 35199, 35200, 35201, 35202, 35203, 35204, 35205, 35206, 35207, 35208, 35209, 35210, 35211, 35212, 35213, 35214, 35215, 35216, 35217, 35221, 35222, 35226, 35229, 35230, 35249, 35250, 35251, 35253, 35254, 35255, 35257, 35258, 35260, 35261, 35262, 35263, 35264, 35268, 35289, 35290, 35291, 35292, 35293, 35294, 35295, 35296, 35297, 35298, 35299, 35300, 35301, 35303, 35305, 35306, 35307, 35308, 35309, 35310, 35311, 35312, 35313, 35314, 35315, 35316, 35317, 35319, 35321, 35322, 35324, 35325, 35338, 35340, 35353, 35354, 35355, 35356, 35357, 35358, 35359, 35360, 35361, 35362, 35365, 35373, 35386, 35388, 37854, 37858, 37870, 39777, 39779, 39780, 39783, 39784, 39811, 39946, 39947, 39948, 39949, 39950, 39951, 39952, 39953, 39954, 39955, 39956, 39957, 39958, 39959, 39960, 39961, 39962, 39963, 39964, 39965, 39966, 39967, 39968, 39969, 39970, 39971, 39972, 39973, 39974, 39975, 39976, 39977, 39978, 39979, 39980, 39984, 39985, 39986, 39987, 39988, 39989, 39991, 39993, 39994, 39995, 39996, 39998, 40000, 40001, 40002, 40003, 40004, 40005, 40007, 40008, 40009, 40010, 40011, 40012, 40013, 40014, 40015, 40016, 40017, 40018, 40019, 40020, 40021, 40022, 40023, 40024, 40025, 40026, 40027, 40028, 40029, 40030, 40031, 40032, 40033, 40034, 40035, 40036, 40037, 40038, 40039, 40040, 40041, 40042, 40043, 40044, 40045, 40046, 40047, 40048, 40049, 40050, 40051, 40052, 40053, 40054, 40055, 40056, 40057, 40058, 40059, 40060, 40061, 40062, 40063, 40064, 40065, 40066, 40067, 40068, 40069, 40070, 40071, 40072, 40139, 40140, 40145, 40147, 40148, 40153, 40154, 40155, 40156, 40157, 40158, 40159, 40160, 40161, 40162, 40163, 40164, 40165, 40167, 40168, 40188, 40713, 40714, 40715, 40716, 40717, 40718, 40719, 40720, 40721, 40722, 40723, 40724, 40725, 40726, 40727, 40728, 40729, 40730, 40731, 40732, 40733, 40734, 40735, 40736, 40737, 40738, 40739, 40740, 40741, 40742, 40743, 40744, 40745, 40746, 40747, 40748, 40749, 40750, 40751, 40752, 40753, 40754, 40755, 40756, 40757, 40758, 40759, 40760, 40761, 40762, 40763, 40764, 40765, 40766, 40767, 40768, 40769, 40770, 40771, 40772, 40773, 40774, 40775, 40776, 40777, 40778, 40779, 40780, 40781, 40782, 40783, 40784, 40785, 40786, 40787, 40788, 40789, 40790, 40791, 40792, 40793, 40794, 40795, 40796, 40797, 40798, 40799, 40800, 40801, 40802, 40803, 40804, 40805, 40806, 40807, 40808, 40809, 40810, 40811, 40812, 40813, 40814, 40815, 40816, 40817, 40818, 40819, 40820, 40821, 40822, 40823, 40824, 40825, 40826, 40827, 40828, 40829, 40830, 40831, 40832, 40833, 40834, 40835, 40836, 40837, 40838, 40839, 40840, 40841, 40842, 40843, 40844, 40845, 40846, 40847, 40848, 40849, 40850, 40851, 40852, 40853, 40854, 40855, 40856, 40857, 40858, 40859, 40860, 40861, 40862, 40863, 40864, 40865, 40866, 40867, 40868, 40869, 40870, 40871, 40872, 40873, 40874, 40875, 40876, 40880, 40881, 40882, 40883, 40884, 40887, 40889, 40890, 40891, 40892, 40894, 40896, 40897, 40898, 40899, 40900, 40901, 40903, 40905, 40906, 40907, 40908, 40909, 40910, 40911, 40912, 40913, 40914, 40915, 40916, 40917, 40918, 40919, 40920, 40921, 40922, 40923, 40924, 40925, 40926, 40927, 40928, 40929, 40930, 40931, 40932, 40933, 40934, 40935, 40936, 40937, 40938, 40939, 40940, 40941, 40942, 40943, 40944, 40945, 40946, 40947, 40948, 40949, 40950, 40951, 40952, 40953, 40954, 40955, 40956, 40957, 40958, 40959, 40960, 40961, 40962, 40963, 40964, 40965, 40966, 40967, 40968, 40969, 40970, 40971, 40972, 40973, 40974, 40975, 40976, 40977, 40978, 40979, 40980, 40981, 40982, 40983, 40984, 40985, 40986, 40987, 40988, 40989, 40990, 40991, 40992, 40993, 40994, 40995, 40996, 40997, 40998, 40999, 41000, 41001, 41002, 41003, 41004, 41005, 41006, 41007, 41008, 41009, 41010, 41011, 41012, 41013, 41014, 41015, 41016, 41017, 41018, 41019, 41020, 41021, 41022, 41023, 41024, 41025, 41026, 41027, 41028, 41029, 41030, 41031, 41032, 41033, 41034, 41035, 41036, 41037, 41038, 41039, 41040, 41041, 41042, 41043, 41044, 41045, 41046, 41047, 41048, 41049, 41050, 41051, 41052, 41053, 41054, 41055, 41057, 41058, 41060, 41061, 41062, 41064, 41065, 41066, 41067, 41068, 41069, 41070, 41071, 41072, 41073, 41074, 41075, 41076, 41077, 41078, 41079, 41080, 41081, 41082, 41083, 41085, 41086, 41089, 41090, 41092, 41093, 41094, 41097, 41098, 41099, 41100, 41101, 41102, 41103, 41104, 41105, 41106, 41107, 41108, 41109, 41110, 41111, 41112, 41113, 41114, 41115, 41116, 41117, 41118, 41119, 41120, 41121, 41122, 41123, 41124, 41125, 41126, 41127, 41128, 41129, 41130, 41131, 41132, 41133, 41134, 41135, 41136, 41137, 41138, 41139, 41140, 41141, 41142, 41143, 41144, 41145, 41146, 41147, 41148, 41149, 41150, 41151, 41152, 41153, 41154, 41155, 41156, 41157, 41158, 41159, 41160, 41161, 41162, 41163, 41164, 41165, 41166, 41167, 41168, 41169, 41170, 41171, 41172, 41173, 41174, 41175, 41176, 41177, 41178, 41181, 41182, 41183, 41184, 41185, 41186, 41189, 41190, 41191, 41192, 41193, 41194, 41195, 41196, 41197, 41198, 41199, 41200, 41201, 41202, 41203, 41204, 41205, 41206, 41207, 41208, 41209, 41210, 41211, 41212, 41213, 41214, 41215, 41216, 41217, 41218, 41219, 41220, 41221, 41222, 41223, 41224, 41290, 41291, 41292, 41294, 41295, 41296, 41297, 41299, 41300, 41301, 41303, 41304, 41305, 41306, 41307, 41308, 41309, 41310, 41311, 41312, 41313, 41314, 41315, 41316, 41317, 41318, 41319, 41320, 41322, 41323, 41324, 41326, 41327, 41328, 41329, 41331, 41332, 41333, 41335, 41336, 41337, 41338, 41339, 41340, 41341, 41342, 41343, 41344, 41345, 41346, 41347, 41348, 41349, 41350, 41351, 41352, 41411, 41415, 41418, 41419, 41420, 41422, 41423, 41424, 41425, 41427, 41428, 41429, 41430, 41431, 41432, 41433, 41434, 41435, 41436, 41437, 41438, 41439, 41440, 41441, 41442, 41443, 41444, 41445, 41446, 41447, 41448, 41450, 41451, 41452, 41454, 41455, 41456, 41457, 41458, 41459, 41460, 41461, 41462, 41463, 41464, 41465, 41466, 41467, 41468, 41469, 41470, 41471, 41472, 41473, 41474, 41475, 41476, 41477, 41478, 41479, 41480, 41481, 41482, 41483, 41484, 41485, 41486, 41487, 41488, 41489, 41490, 41491, 41492, 41493, 41494, 41495, 41496, 41497, 41498, 41499, 41500, 41501, 41502, 41503, 41504, 41505, 41506, 41507, 41508, 41509, 41510, 41511, 41512, 41513, 41514, 41515, 41516, 41517, 41518, 41519, 41520, 41521, 41522, 41523, 41524, 41525, 41526, 41527, 41528, 41529, 41530, 41531, 41532, 41533, 41534, 41535, 41536, 41537, 41538, 41539, 41540, 41541, 41542, 41543, 41544, 41545, 41546, 41547, 41548, 41549, 41550, 41551, 41552, 41553, 41554, 41555, 41556, 41557, 41558, 41559, 41560, 41561, 41562, 41563, 41564, 41565, 41566, 41567, 41568, 41569, 41570, 41571, 41572, 41573, 41574, 41575, 41576, 41577, 41578, 41579, 41580, 41581, 41582, 41583, 41584, 41585, 41586, 41587, 41588, 41589, 41590, 41591, 41592, 41593, 41594, 41595, 41596, 41597, 41598, 41599, 41600, 41601, 41602, 41603, 41604, 41605, 41606, 41607, 41608, 41609, 41610, 41611, 41612, 41613, 41614, 41615, 41616, 41617, 41618, 41619, 41620, 41621, 41622, 41623, 41624, 41625, 41626, 41627, 41628, 41629, 41630, 41631, 41632, 41633, 41634, 41635, 41636, 41637, 41638, 41639, 41640, 41641, 41642, 41643, 41644, 41645, 41646, 41647, 41648, 41649, 41650, 41651, 41652, 41653, 41654, 41655, 41656, 41657, 41658, 41659, 41660, 41661, 41662, 41663, 41664, 41665, 41666, 41667, 41668, 41669, 41670, 41671, 41672, 41673, 41674, 41675, 41676, 41677, 41678, 41679, 41680, 41681, 41682, 41683, 41684, 41685, 41686, 41687, 41688, 41689, 41690, 41691, 41692, 41693, 41694, 41695, 41696, 41697, 41698, 41699, 41700, 41701, 41702, 41703, 41704, 41705, 41706, 41707, 41708, 41709, 41710, 41711, 41712, 41713, 41714, 41715, 41716, 41717, 41718, 41719, 41720, 41721, 41722, 41723, 41724, 41725, 41726, 41727, 41728, 41729, 41730, 41731, 41732, 41733, 41734, 41735, 41736, 42275, 42279, 42304, 42308, 42311, 42317, 42319, 42322, 42323, 42324, 42325, 42326, 42327, 42328, 42329, 42330, 42331, 42332, 42333, 42334, 42335, 42336, 42337, 42338, 42339, 42340, 42341, 42342, 42343, 42344, 42345, 42346, 42347, 42348, 42349, 42350, 42351, 42352, 42353, 42354, 42355, 42356, 42357, 42358, 42359, 42360, 42361, 42362, 42363, 42364, 42365, 42366, 42367, 42368, 42369, 42370, 42371, 42372, 42373, 42374, 42375, 42376, 42377, 42378, 42379, 42380, 42381, 42382, 42383, 42384, 42385, 42386, 42387, 42388, 42389, 42390, 42391, 42392, 42424, 42430, 42432, 42435, 42444, 42446, 42447, 42449, 42450, 42451, 42452, 42453, 42454, 42455, 42456, 42457, 42458, 42459, 42460, 42461, 42462, 42463, 42464, 42465, 42466, 42467, 42468, 42469, 42470, 42471, 42472, 42473, 42474, 42475, 42476, 42477, 42478, 42479, 42480, 42481, 42482, 42483, 42484, 42485, 42486, 42487, 42488, 42489, 42490, 42491, 42492, 42493, 42494, 42495, 42496, 42497, 42498, 42499, 42500, 42501, 42502, 42503, 42504, 42505, 42506, 42507, 42508, 42509, 42510, 42511, 42512, 42513, 42514, 42515, 42516, 42517, 42518, 42519, 42520, 42521, 42522, 42523, 42524, 42525, 42526, 42527, 42528, 42529, 42530, 42531, 42532, 42533, 42534, 42535, 42536, 42537, 42538, 42539, 42540, 42541, 42542, 42543, 42544, 42545, 42546, 42547, 42548, 42549, 42550, 42551, 42552, 42553, 42554, 42555, 42556, 42557, 42558, 42559, 42560, 42561, 42562, 42563, 42564, 42565, 42566, 42567, 42568, 42569, 42570, 42571, 42572, 42573, 42574, 42575, 42576, 42577, 42578, 42579, 42580, 42581, 42582, 42583, 42584, 42585, 42586, 42587, 42588, 42589, 42590, 42591, 42592, 42593, 42594, 42595, 42596, 42597, 42598, 42599, 42600, 42601, 42602, 42603, 42604, 42605, 42606, 42607, 42608, 42609, 42610, 42611, 42612, 42613, 42614, 42615, 42616, 42617, 42618, 42619, 42620, 42621, 42622, 42623, 42624, 42625, 42626, 42627, 42628, 42629, 42630, 42631, 42632, 42633, 42634, 42635, 42636, 42637, 42638, 42639, 42640, 42641, 42642, 42643, 42644, 42645, 42646, 42647, 42648, 42649, 42650, 42651, 42652, 42653, 42654, 42655, 42656, 42657, 42658, 42659, 42660, 42661, 42662, 42663, 42664, 42665, 42666, 42667, 42668, 42669, 42670, 42671, 42672, 42673, 42674, 42675, 42676, 42677, 42678, 42679, 42680, 42681, 42682, 42683, 42684, 42685, 42686, 42687, 42688, 42689, 42690, 42691, 42692, 42693, 42694, 42695, 42696, 42697, 42698, 42699, 42700, 42701, 42702, 42703, 42704, 42705, 42706, 42707, 42708, 42709, 42710, 42711, 42712, 42713, 42714, 42715, 42716, 42717, 42718, 42719, 42720, 42721, 42722, 42723, 42724, 42725, 42726, 42727, 42728, 42729, 42730, 42731, 42732, 42733, 42734, 42735, 42736, 42737, 42738, 42739, 42740, 42741, 42742, 42743, 42744, 42745, 42746, 42747, 42748, 42749, 42750, 42751, 42752, 42753, 42754, 42755, 42756, 42757, 42758, 42759, 42760, 42893, 42895, 42902, 42904, 42909, 42911, 42918, 42920, 42921, 42922, 42923, 42924, 42925, 42926, 42927, 42928, 42929, 42930, 42931, 42932, 42933, 42934, 42935, 42936, 42937, 42938, 42939, 42940, 42941, 42942, 42943, 42944, 42945, 42946, 42947, 42948, 42949, 42950, 42951, 42952, 42957, 42959, 42966, 42968, 42973, 42975, 42976, 42982, 42984, 42985, 42986, 42987, 42988, 42989, 42990, 42991, 42992, 42993, 42994, 42995, 42996, 42997, 42998, 42999, 43000, 43001, 43002, 43003, 43004, 43005, 43006, 43007, 43008, 43009, 43010, 43011, 43012, 43013, 43014, 43015, 43016, 43145, 43149, 43150, 43151, 43157, 43158, 43160, 43177, 43178, 43179, 43181, 43182, 43183, 43185, 43186, 43188, 43189, 43190, 43192, 43273, 43274, 43275, 43276, 43277, 43278, 43279, 43280, 43281, 43282, 43283, 43284, 43285, 43286, 43287, 43288, 43289, 43290, 43291, 43292, 43293, 43294, 43295, 43296, 43297, 43298, 43299, 43300, 43301, 43302, 43303, 43304, 43305, 43306, 43307, 43308, 43309, 43310, 43311, 43312, 43313, 43314, 43315, 43316, 43317, 43318, 43319, 43320, 43321, 43322, 43323, 43324, 43325, 43326, 43327, 43328, 43329, 43330, 43331, 43332, 43333, 43334, 43335, 43336, 43337, 43338, 43339, 43340, 43341, 43342, 43343, 43344, 43345, 43346, 43347, 43348, 43349, 43350, 43351, 43352, 43353, 43354, 43355, 43356, 43357, 43358, 43359, 43360, 43361, 43362, 43363, 43364, 43365, 43366, 43367, 43368, 43369, 43370, 43371, 43372, 43373, 43374, 43375, 43376, 43377, 43378, 43379, 43380, 43381, 43382, 43383, 43384, 43385, 43386, 43387, 43388, 43389, 43390, 43391, 43392, 43393, 43394, 43395, 43396, 43397, 43398, 43399, 43400, 43401, 43402, 43403, 43404, 43405, 43406, 43407, 43408, 43409, 43410, 43411, 43412, 43413, 43414, 43415, 43416, 43417, 43418, 43419, 43420, 43421, 43422, 43423, 43424, 43425, 43426, 43427, 43428, 43429, 43430, 43431, 43432, 43433, 43434, 43435, 43436, 43437, 43438, 43439, 43440, 43441, 43442, 43443, 43444, 43445, 43446, 43447, 43448, 43449, 43450, 43451, 43452, 43453, 43454, 43455, 43456, 43457, 43458, 43459, 43460, 43461, 43462, 43463, 43464, 43465, 43466, 43467, 43468, 43469, 43470, 43471, 43472, 43473, 43474, 43475, 43476, 43477, 43478, 43479, 43480, 43481, 43482, 43483, 43484, 43485, 43486, 43487, 43488, 43489, 43490, 43491, 43492, 43493, 43494, 43495, 43496, 43497, 43498, 43499, 43500, 43501, 43502, 43503, 43504, 43505, 43506, 43507, 43508, 43509, 43510, 43511, 43512, 43513, 43514, 43515, 43516, 43517, 43518, 43519, 43520, 43521, 43522, 43523, 43524, 43525, 43526, 43527, 43528, 43529, 43530, 43531, 43533, 43534, 43537, 43538, 43540, 43541, 43542, 43561, 43565, 43570, 43574, 43657, 43661, 43666, 43670, 43689, 43693, 43694, 43698, 43701, 43702, 43759, 43768, 43773, 43775, 43782, 43784, 44737, 44738, 44739, 44740, 44741, 44742, 44743, 44744, 44745, 44746, 44747, 44748, 44749, 44750, 44751, 44752, 44753, 44754, 44755, 44756, 44757, 44758, 44759, 44760, 44761, 44762, 44763, 44764, 44765, 44766, 44767, 44768, 44769, 44770, 44771, 44772, 44773, 44774, 44775, 44776, 44777, 44778, 44779, 44780, 44781, 44782, 44783, 44784, 44785, 44786, 44787, 44788, 44789, 44790, 44791, 44792, 44793, 44794, 44795, 44796, 44797, 44798, 44799, 44800, 44801, 44802, 44803, 44804, 44805, 44806, 44807, 44808, 44809, 44810, 44811, 44812, 44813, 44814, 44815, 44816, 44817, 44818, 44819, 44820, 44821, 44822, 44823, 44824, 44825, 44826, 44827, 44828, 44829, 44830, 44831, 44832, 44833, 44834, 44835, 44836, 44837, 44838, 44839, 44840, 44841, 44842, 44843, 44844, 44845, 44846, 44847, 44848, 44849, 44850, 44851, 44852, 44853, 44854, 44855, 44856, 44857, 44858, 44859, 44860, 44861, 44862, 44863, 44864, 44865, 44866, 44867, 44868, 44869, 44870, 44871, 44872, 44873, 44874, 44875, 44876, 44877, 44878, 44879, 44880, 44881, 44882, 44883, 44884, 44885, 44886, 44887, 44888, 44889, 44890, 44891, 44892, 44893, 44894, 44895, 44896, 44897, 44898, 44899, 44900, 44901, 44902, 44903, 44904, 44905, 44906, 44907, 44908, 44909, 44910, 44911, 44912, 44913, 44914, 44915, 44916, 44917, 44918, 44919, 44920, 44921, 44922, 44923, 44924, 44925, 44926, 44927, 44928, 44929, 44930, 44931, 44932, 44933, 44934, 44935, 44936, 44937, 44938, 44939, 44940, 44941, 44942, 44943, 44944, 44945, 44946, 44947, 44948, 44949, 44950, 44951, 44952, 44953, 44954, 44955, 44956, 44957, 44958, 44959, 44960, 44961, 44962, 44963, 44964, 44965, 44966, 44967, 44969, 44971, 44972, 44977, 44978, 44980, 44981, 44983, 44984, 44985, 44986, 44992, 44993, 44994, 44995, 44996, 44997, 44998, 44999, 45000, 45001, 45002, 45003, 45004, 45005, 45006, 45007, 45008, 45009, 45011, 45013, 45014, 45015, 45016, 45018, 45020, 45021, 45022, 45023, 45024, 45025, 45033, 45034, 45035, 45040, 45045, 45046, 45047, 45048, 45051, 45052, 45053, 45054, 45055, 45056, 45059, 45061, 45062, 45063, 45064, 45065, 45066, 45067, 45068, 45069, 45070, 45071, 45072, 45073, 45074, 45075, 45076, 45077, 45078, 45079, 45080, 45081, 45082, 45083, 45084, 45085, 45086, 45087, 45089, 45090, 45091, 45092, 45093, 45094, 45096, 45097, 45098, 45099, 45100, 45101, 45102, 45103, 45104, 45105, 45106, 45107, 45108, 45109, 45110, 45111, 45112, 45113, 45114, 45115, 45116, 45117, 45118, 45121, 45125, 45126, 45128, 45130, 45131, 45132, 45168, 45179, 45193, 45194, 45195, 45196, 45198, 45199, 45200, 45201, 45203, 45204, 45205, 45206, 45207, 45208, 45210, 45212, 45213, 45214, 45215, 45217, 45218, 45219, 45220, 45221, 45234, 45242, 29110, 29116, 29117, 29118, 29120, 29121, 29122, 29123, 29124, 29125, 29126, 29127, 29128, 29129, 29130, 29131, 29132, 29134, 29135, 29136, 29137, 29138, 29139, 29140, 29141, 29142, 29143, 29144, 29145, 29146, 29147, 29148, 29149, 29203, 29218, 29224, 29225, 29226, 29227, 29228, 29229, 29230, 29231, 29232, 29233, 29234, 29235, 29236, 29237, 29238, 29239, 29258, 29259, 29266, 29267, 29272, 29273, 29274, 29275, 29276, 29277, 29278, 29279, 29280, 29281, 29282, 29283, 29284, 29285, 29286, 29287, 29288, 29289, 29290, 29291, 29292, 29293, 29294, 29295, 29296, 29297, 29298, 29299, 29300, 29301, 29302, 29303, 29304, 29305, 29306, 29307, 29308, 29309, 29310, 29311, 29312, 29313, 29314, 29315, 29316, 29317, 29318, 29319, 29320, 29321, 29322, 29323, 29324, 29325, 29326, 29327, 29328, 29329, 29330, 29331, 29332, 29333, 29334, 29335, 29336, 29337, 29338, 29339, 29340, 29341, 29342, 29343, 29344, 29345, 29346, 29347, 29348, 29349, 29350, 29351, 29352, 29353, 29354, 29355, 29356, 29357, 29358, 29359, 29360, 29361, 29362, 29363, 29364, 29365, 29366, 29367, 29368, 29369, 29370, 29371, 29372, 29373, 29374, 29375, 29376, 29377, 29378, 29379, 29380, 29381, 29382, 29383, 29384, 29385, 29386, 29387, 29388, 29389, 29390, 29391, 29392, 29393, 29394, 29395, 29396, 29397, 29398, 29399, 29400, 29401, 29402, 29403, 29404, 29405, 29406, 29407, 29408, 29409, 29410, 29411, 29412, 29413, 29414, 29415, 29416, 29417, 29418, 29419, 29420, 29421, 29422, 29423, 29424, 29425, 29426, 29427, 29428, 29429, 29430, 29431, 29432, 29433, 29434, 29435, 29436, 29437, 29438, 29439, 29440, 29441, 29442, 29443, 29444, 29445, 29446, 29447, 29448, 29449, 29450, 29451, 29452, 29453, 29454, 29455, 29456, 29457, 29458, 29459, 29460, 29461, 29462, 29463, 29464, 29465, 29466, 29467, 29468, 29469, 29470, 29471, 29472, 29473, 29474, 29475, 29476, 29477, 29478, 29479, 29708, 29709, 29716, 29717, 29722, 29723, 29724, 29725, 29726, 29727, 29728, 29729, 29730, 29731, 29732, 29733, 29734, 29735, 29736, 29737, 29756, 29757, 29764, 29765, 29770, 29771, 29772, 29773, 29774, 29775, 29776, 29777, 29778, 29779, 29780, 29781, 29782, 29783, 29784, 29785, 29786, 29787, 29788, 29789, 29790, 29791, 29792, 29793, 29794, 29795, 29796, 29797, 29798, 29799, 29800, 29801, 29802, 29803, 29804, 29805, 29806, 29807, 29808, 29809, 29810, 29811, 29812, 29813, 29814, 29815, 29816, 29817, 29818, 29819, 29820, 29821, 29822, 29823, 29824, 29825, 29826, 29827, 29828, 29829, 29830, 29831, 29832, 29833, 29900, 29901, 29905, 29908, 29909, 29912, 29914, 29915, 29916, 29917, 29918, 29919, 29920, 29921, 29922, 29923, 29924, 29925, 29926, 29927, 29928, 29929, 29946, 29947, 29948, 29949, 29951, 29952, 29953, 29954, 29955, 29956, 29957, 29958, 29960, 29961, 30298, 30299, 30303, 30306, 30307, 30310, 30480, 30481, 30482, 30483, 30484, 30485, 30486, 30487, 30488, 30489, 30490, 30491, 30492, 30493, 30494, 30495, 30496, 30497, 30498, 30499, 30500, 30501, 30502, 30503, 30504, 30505, 30506, 30507, 30508, 30509, 30510, 30511, 30512, 30513, 30514, 30515, 30516, 30517, 30518, 30519, 30520, 30521, 30522, 30523, 30524, 30525, 30526, 30527, 30528, 30529, 30530, 30531, 30532, 30533, 30534, 30535, 30536, 30537, 30538, 30539, 30540, 30541, 30542, 30543, 30544, 30545, 30546, 30547, 30548, 30549, 30550, 30551, 30552, 30553, 30554, 30555, 30556, 30557, 30558, 30559, 30560, 30561, 30562, 30563, 30564, 30565, 30566, 30567, 30568, 30569, 30570, 30571, 30572, 30573, 30574, 30575, 30576, 30577, 30578, 30579, 30580, 30581, 30582, 30583, 30584, 30585, 30586, 30587, 30588, 30589, 30590, 30591, 30592, 30593, 30594, 30595, 30596, 30597, 30598, 30599, 30600, 30601, 30602, 30603, 30604, 30605, 30606, 30607, 30608, 30609, 30610, 30611, 30612, 30613, 30614, 30615, 30616, 30617, 30618, 30619, 30620, 30621, 30622, 30623, 30624, 30625, 30626, 30627, 30628, 30629, 30630, 30631, 30632, 30633, 30634, 30635, 30636, 30637, 30638, 30639, 30640, 30641, 30642, 30643, 30644, 30645, 30646, 30647, 30648, 30649, 30650, 30651, 30652, 30653, 30654, 30655, 30656, 30657, 30658, 30659, 30660, 30661, 30662, 30663, 30664, 30665, 30666, 30667, 30668, 30669, 30670, 30671, 30672, 30673, 30674, 30675, 30676, 30677, 30678, 30679, 30680, 30681, 30682, 30683, 30684, 30685, 30686, 30687, 30688, 30689, 30690, 30691, 30692, 30693, 30694, 30695, 30696, 30697, 30698, 30699, 30700, 30701, 30702, 30703, 30704, 30705, 30706, 30707, 30708, 30709, 30710, 30711, 30712, 30713, 30714, 30715, 30716, 30717, 30718, 30719, 30720, 30721, 30722, 30723, 30724, 30725, 30726, 30727, 30728, 30729, 30730, 30731, 30732, 30733, 30734, 30735, 30736, 30737, 30738, 30739, 30740, 30741, 30742, 30743, 30744, 30745, 30746, 30747, 30748, 30749, 30750, 30751, 30752, 30753, 30754, 30755, 30756, 30757, 30758, 30759, 30760, 30761, 30762, 30763, 30764, 30765, 30766, 30767, 30768, 30769, 30770, 30771, 30772, 30773, 30774, 30775, 30776, 30777, 30778, 30779, 30780, 30781, 30782, 30783, 30784, 30785, 30786, 30787, 30788, 30789, 30790, 30791, 30792, 30793, 30794, 30795, 30796, 30797, 30798, 30799, 30800, 30801, 30802, 30803, 30804, 30805, 30806, 30807, 30808, 30809, 30810, 30811, 30812, 30813, 30814, 30815, 30816, 30817, 30818, 30819, 30820, 30821, 30822, 30823, 30824, 30825, 30826, 30827, 30828, 30829, 30830, 30831, 30832, 30833, 30834, 30835, 30836, 30837, 30838, 30839, 30840, 30841, 30842, 30843, 30844, 30845, 30846, 30847, 30848, 30849, 30850, 30851, 30852, 30853, 30854, 30855, 30856, 30857, 30858, 30859, 30860, 30861, 30862, 30863, 30864, 30865, 30866, 30867, 30868, 30869, 30870, 30871, 30872, 30873, 30874, 30875, 30876, 30877, 30878, 30879, 30880, 30881, 30882, 30883, 30884, 30885, 30886, 30887, 30888, 30889, 30890, 30891, 30892, 30893, 30894, 30895, 30896, 30897, 30898, 30899, 30900, 30901, 30902, 30903, 30904, 30905, 30906, 30907, 30908, 30909, 30910, 30911, 30912, 30913, 30914, 30915, 30916, 30917, 30918, 30919, 30920, 30921, 30922, 30923, 30924, 30925, 30926, 30927, 30928, 30929, 30930, 30931, 30932, 30933, 30934, 30935, 30936, 30937, 30938, 30939, 30940, 30941, 30942, 30943, 30944, 30945, 30946, 30947, 30948, 30949, 30950, 30951, 30952, 30953, 30954, 30955, 30956, 30957, 30958, 30959, 30960, 30961, 30962, 30963, 30964, 30965, 30966, 30967, 30968, 30969, 30970, 30971, 30972, 30973, 30974, 30975, 30976, 30977, 30978, 30979, 30980, 30981, 30982, 30983, 30984, 30985, 30986, 30987, 30988, 30989, 30990, 30991, 30992, 30993, 30994, 30995, 30996, 30997, 30998, 30999, 31000, 31001, 31002, 31003, 31004, 31005, 31006, 31007, 31008, 31009, 31010, 31011, 31012, 31013, 31014, 31015, 31016, 31017, 31018, 31019, 31020, 31021, 31022, 31023, 31024, 31025, 31026, 31027, 31028, 31029, 31030, 31031, 31032, 31033, 31034, 31035, 31036, 31037, 31038, 31039, 31040, 31041, 31042, 31043, 31044, 31045, 31046, 31047, 31048, 31049, 31050, 31051, 31052, 31053, 31054, 31055, 31056, 31057, 31058, 31059, 31060, 31061, 31062, 31063, 31064, 31065, 31066, 31067, 31068, 31069, 31070, 31071, 31072, 31073, 31074, 31075, 31076, 31077, 31078, 31079, 31080, 31081, 31082, 31083, 31084, 31085, 31086, 31087, 31088, 31089, 31090, 31091, 31092, 31093, 31094, 31095, 31096, 31097, 31098, 31099, 31100, 31101, 31102, 31103, 31104, 31105, 31106, 31107, 31108, 31109, 31110, 31111, 31112, 31113, 31114, 31115, 31116, 31117, 31118, 31119, 31120, 31121, 31122, 31123, 31124, 31125, 31126, 31127, 31129, 31130, 31132, 31133, 31134, 31136, 31137, 31138, 31139, 31141, 31143, 31184, 31185, 31186, 31187, 31188, 31189, 31190, 31191, 31192, 31193, 31194, 31195, 31196, 31197, 31198, 31199, 31200, 31201, 31202, 31203, 31204, 31205, 31206, 31207, 31208, 31209, 31210, 31211, 31212, 31213, 31214, 31215, 31216, 31217, 31218, 31219, 31220, 31221, 31222, 31223, 31224, 31225, 31226, 31227, 31228, 31229, 31230, 31231, 31232, 31233, 31234, 31235, 31236, 31237, 31238, 31239, 31240, 31241, 31242, 31243, 31244, 31245, 31246, 31247, 31248, 31250, 31252, 31253, 31254, 31255, 31257, 31259, 31260, 31261, 31262, 31263, 31264, 31266, 31268, 31269, 31270, 31271, 31273, 31275, 31276, 31277, 31278, 31279, 31280, 31281, 31282, 31283, 31284, 31285, 31286, 31287, 31288, 31289, 31290, 31291, 31292, 31293, 31294, 31295, 31296, 31297, 31298, 31299, 31300, 31301, 31302, 31303, 31304, 31305, 31306, 31307, 31308, 31309, 31310, 31311, 31312, 31313, 31314, 31315, 31316, 31317, 31318, 31319, 31320, 31321, 31322, 31323, 31324, 31325, 31326, 31327, 31328, 31329, 31330, 31331, 31332, 31333, 31334, 31335, 31336, 31337, 31338, 31339, 31340, 31341, 31342, 31343, 31344, 31345, 31346, 31347, 31348, 31349, 31350, 31351, 31352, 31353, 31354, 31355, 31356, 31357, 31358, 31359, 31360, 31361, 31362, 31363, 31364, 31365, 31366, 31367, 31368, 31369, 31370, 31371, 31372, 31373, 31374, 31375, 31376, 31377, 31378, 31379, 31380, 31381, 31382, 31383, 31384, 31385, 31386, 31387, 31388, 31389, 31390, 31391, 31392, 31393, 31394, 31395, 31396, 31397, 31398, 31399, 31400, 31401, 31402, 31403, 31404, 31405, 31406, 31407, 31408, 31409, 31410, 31411, 31412, 31413, 31414, 31415, 31416, 31417, 31418, 31419, 31420, 31421, 31422, 31423, 31424, 31425, 31426, 31427, 31428, 31429, 31430, 31431, 31432, 31433, 31434, 31435, 31436, 31437, 31438, 31439, 31440, 31441, 31442, 31443, 31444, 31445, 31446, 31447, 31448, 31449, 31450, 31451, 31452, 31453, 31454, 31455, 31456, 31457, 31458, 31459, 31460, 31461, 31462, 31463, 31464, 31465, 31466, 31467, 31468, 31469, 31470, 31471, 31472, 31473, 31474, 31475, 31476, 31477, 31478, 31479, 31480, 31481, 31482, 31483, 31484, 31485, 31486, 31487, 31488, 31489, 31490, 31491, 31492, 31493, 31494, 31495, 31496, 31497, 31498, 31499, 31500, 31501, 31502, 31503, 31504, 31505, 31506, 31507, 31508, 31509, 31510, 31511, 31512, 31513, 31514, 31515, 31516, 31517, 31518, 31519, 31520, 31521, 31522, 31523, 31524, 31525, 31526, 31527, 31528, 31529, 31530, 31531, 31532, 31533, 31534, 31535, 31536, 31537, 31538, 31539, 31540, 31541, 31542, 31543, 31544, 31545, 31546, 31547, 31548, 31549, 31550, 31551, 31552, 31553, 31554, 31555, 31556, 31557, 31558, 31559, 31560, 31561, 31562, 31563, 31564, 31565, 31566, 31567, 31568, 31569, 31570, 31571, 31572, 31573, 31574, 31575, 31576, 31577, 31578, 31579, 31580, 31581, 31582, 31583, 31584, 31585, 31586, 31587, 31588, 31589, 31590, 31591, 31592, 31593, 31594, 31595, 31596, 31597, 31598, 31599, 31600, 31601, 31602, 31603, 31604, 31605, 31606, 31607, 31608, 31609, 31610, 31611, 31612, 31613, 31614, 31615, 31616, 31617, 31618, 31619, 31620, 31621, 31622, 31623, 31624, 31625, 31626, 31627, 31628, 31629, 31630, 31631, 31632, 31633, 31634, 31635, 31636, 31637, 31638, 31639, 31640, 31641, 31642, 31643, 31644, 31645, 31646, 31647, 31648, 31649, 31650, 31651, 31652, 31653, 31654, 31655, 31656, 31657, 31658, 31659, 31660, 31661, 31662, 31663, 31664, 31665, 31666, 31667, 31668, 31669, 31670, 31671, 31672, 31673, 31674, 31675, 31676, 31677, 31678, 31679, 31680, 31681, 31682, 31683, 31684, 31685, 31686, 31687, 31688, 31689, 31690, 31691, 31692, 31693, 31694, 31695, 31696, 31697, 31698, 31699, 31700, 31701, 31702, 31703, 31704, 31705, 31706, 31707, 31708, 31709, 31710, 31711, 31712, 31713, 31714, 31715, 31716, 31717, 31718, 31719, 31720, 31721, 31722, 31723, 31724, 31725, 31726, 31727, 31728, 31729, 31730, 31731, 31732, 31733, 31734, 31735, 31736, 31737, 31738, 31739, 31740, 31741, 31742, 31743, 31744, 31745, 31746, 31747, 31748, 31749, 31750, 31751, 31752, 31753, 31754, 31755, 31756, 31757, 31758, 31759, 31760, 31761, 31762, 31763, 31764, 31765, 31766, 31767, 31768, 31769, 31770, 31771, 31772, 31773, 31774, 31775, 31776, 31777, 31778, 31779, 31780, 31781, 31782, 31783, 31784, 31785, 31786, 31787, 31788, 31789, 31790, 31791, 31792, 31793, 31794, 31795, 31796, 31797, 31798, 31799, 31800, 31801, 31802, 31803, 31804, 31805, 31806, 31807, 31808, 31809, 31810, 31811, 31812, 31813, 31814, 31815, 31816, 31817, 31818, 31819, 31820, 31821, 31822, 31823, 31824, 31825, 31826, 31827, 31828, 31829, 31830, 31831, 31832, 31833, 31834, 31835, 31836, 31837, 31838, 31839, 31840, 31841, 31842, 31843, 31844, 31845, 31846, 31847, 31848, 31849, 31850, 31851, 31852, 31853, 31854, 31855, 31857, 31859, 31864, 31866, 31877, 31879, 31884, 31886, 31896, 31897, 31898, 31899, 31900, 31901, 31902, 31903, 31904, 31905, 31906, 31907, 31908, 31909, 31910, 31911, 31912, 31913, 31914, 31915, 31916, 31917, 31918, 31919, 31920, 31921, 31922, 31923, 31924, 31925, 31926, 31927, 31929, 31931, 31936, 31938, 31949, 31951, 31956, 31958, 31965, 32056, 32058, 32059, 32060, 32061, 32062, 32063, 32074, 32088, 32089, 32090, 32091, 32092, 32093, 32094, 32095, 32096, 32097, 32098, 32099, 32100, 32101, 32102, 32103, 32104, 32105, 32106, 32107, 32108, 32109, 32110, 32111, 32112, 32113, 32114, 32115, 32116, 32117, 32118, 32119, 32120, 32121, 32122, 32123, 32124, 32125, 32126, 32127, 32128, 32129, 32130, 32131, 32134, 32135, 32136, 32137, 32138, 32139, 32140, 32141, 32142, 32144, 32145, 32146, 32147, 32148, 32149, 32150, 32151, 32152, 32153, 32154, 32155, 32156, 32157, 32158, 32159, 32160, 32161, 32162, 32163, 32164, 32165, 32166, 32167, 32168, 32169, 32170, 32171, 32172, 32173, 32174, 32175, 32176, 32177, 32178, 32179, 32180, 32181, 32182, 32183, 32184, 32185, 32186, 32187, 32188, 32189, 32190, 32191, 32192, 32193, 32194, 32195, 32196, 32197, 32198, 32199, 32200, 32201, 32202, 32203, 32204, 32205, 32206, 32207, 32208, 32209, 32210, 32211, 32212, 32213, 32214, 32215, 32216, 32217, 32218, 32219, 32220, 32221, 32222, 32223, 32224, 32225, 32226, 32227, 32228, 32229, 32230, 32231, 32232, 32233, 32234, 32235, 32236, 32237, 32238, 32239, 32243, 32246, 32247, 32248, 32249, 32250, 32251, 32252, 32253, 32254, 32255, 32256, 32257, 32258, 32259, 32260, 32261, 32262, 32263, 32264, 32265, 32266, 32267, 32268, 32269, 32270, 32271, 32273, 32274, 32275, 32277, 32278, 32279, 32280, 32281, 32282, 32283, 32284, 32285, 32286, 32287, 32288, 32289, 32290, 32291, 32292, 32293, 32294, 32295, 32296, 32297, 32298, 32299, 32300, 32301, 32302, 32303, 32304, 32305, 32306, 32307, 32308, 32309, 32310, 32311, 32312, 32313, 32314, 32315, 32316, 32317, 32318, 32319, 32320, 32321, 32322, 32323, 32324, 32325, 32326, 32327, 32328, 32329, 32330, 32331, 32332, 32333, 32334, 32335, 32336, 32337, 32338, 32339, 32340, 32341, 32342, 32343, 32344, 32345, 32346, 32347, 32348, 32349, 32350, 32351, 32352, 32353, 32354, 32355, 32356, 32357, 32358, 32359, 32360, 32361, 32362, 32363, 32364, 32365, 32366, 32367, 32368, 32369, 32370, 32371, 32372, 32373, 32374, 32375, 32376, 32377, 32378, 32379, 32380, 32381, 32382, 32383, 32384, 32385, 32386, 32387, 32388, 32389, 32390, 32391, 32392, 32393, 32394, 32395, 32396, 32397, 32398, 32399, 32400, 32401, 32402, 32403, 32404, 32405, 32406, 32407, 32408, 32409, 32410, 32411, 32412, 32413, 32414, 32415, 32416, 32417, 32418, 32419, 32420, 32421, 32422, 32423, 32424, 32425, 32426, 32427, 32428, 32429, 32430, 32431, 32432, 32433, 32434, 32435, 32436, 32437, 32438, 32439, 32440, 32441, 32442, 32443, 32444, 32445, 32446, 32447, 32448, 32449, 32450, 32451, 32452, 32453, 32454, 32455, 32456, 32457, 32458, 32459, 32460, 32461, 32462, 32463, 32464, 32465, 32466, 32467, 32468, 32469, 32470, 32471, 32472, 32473, 32474, 32475, 32476, 32477, 32478, 32479, 32480, 32481, 32482, 32483, 32484, 32485, 32486, 32487, 32488, 32489, 32490, 32491, 32492, 32493, 32494, 32495, 32496, 32497, 32498, 32499, 32500, 32501, 32502, 32503, 32504, 32505, 32506, 32507, 32508, 32509, 32510, 32511, 32512, 32513, 32514, 32515, 32516, 32517, 32518, 32519, 32520, 32521, 32522, 32523, 32524, 32525, 32526, 32527, 32528, 32529, 32530, 32531, 32532, 32533, 32534, 32535, 32536, 32537, 32538, 32539, 32540, 32541, 32542, 32543, 32544, 32545, 32546, 32547, 32548, 32549, 32550, 32551, 32552, 32553, 32554, 32555, 32556, 32557, 32558, 32559, 32560, 32561, 32562, 32563, 32564, 32565, 32566, 32567, 32568, 32569, 32570, 32571, 32572, 32573, 32574, 32575, 32576, 32577, 32578, 32579, 32580, 32581, 32582, 32583, 32584, 32585, 32586, 32587, 32588, 32589, 32590, 32591, 32592, 32593, 32594, 32595, 32596, 32597, 32598, 32599, 32600, 32601, 32602, 32603, 32604, 32605, 32606, 32607, 32608, 32609, 32610, 32611, 32612, 32613, 32614, 32615, 32616, 32617, 32618, 32619, 32620, 32621, 32622, 32623, 32624, 32625, 32626, 32627, 32628, 32629, 32630, 32631, 32632, 32633, 32634, 32635, 32636, 32637, 32638, 32639, 32640, 32641, 32642, 32643, 32644, 32645, 32646, 32647, 32648, 32649, 32650, 32651, 32652, 32653, 32654, 32655, 32656, 32657, 32658, 32659, 32660, 32661, 32662, 32663, 32664, 32665, 32666, 32667, 32668, 32669, 32670, 32671, 32672, 32673, 32674, 32675, 32676, 32677, 32678, 32679, 32680, 32681, 32682, 32683, 32684, 32685, 32686, 32687, 32688, 32689, 32690, 32691, 32692, 32693, 32694, 32695, 32696, 32697, 32698, 32699, 32700, 32701, 32702, 32703, 32704, 32705, 32706, 32707, 32708, 32709, 32710, 32711, 32712, 32713, 32714, 32715, 32716, 32717, 32718, 32719, 32720, 32721, 32722, 32723, 32724, 32725, 32726, 32727, 32728, 32729, 32730, 32731, 32732, 32733, 32734, 32735, 32736, 32737, 32738, 32739, 32740, 32741, 32742, 32743, 32744, 32745, 32746, 32747, 32748, 32749, 32750, 32751, 32752, 32753, 32754, 32755, 32756, 32757, 32758, 32759, 32760, 32761, 32762, 32763, 32764, 32765, 32766, 32767]",0.27965500950813293,-0.32275500893592834,0.48065999150276184,0.5663840174674988,0.06916800141334534,0.5008869767189026,800,0.0
58,openable,1.0,"[37889, 37890, 37891, 37892, 37893, 37894, 37895, 37896, 37897, 37898, 37899, 37900, 37901, 37902, 37903, 37904, 37905, 37906, 37907, 37908, 37909, 37910, 37911, 37912, 37913, 37914, 37915, 37916, 37917, 37918, 37919, 37920, 37921, 37922, 37923, 37924, 37925, 37926, 37927, 37928, 37929, 37930, 37931, 37932, 37933, 37934, 37935, 37936, 37937, 37938, 37939, 37940, 37941, 37942, 37943, 37944, 37945, 37946, 37947, 37948, 37949, 37950, 37951, 37952, 37953, 37954, 37955, 37956, 37957, 37958, 37959, 37960, 37961, 37962, 37963, 37964, 37965, 37966, 37967, 37968, 37969, 37970, 37971, 37972, 37974, 33882, 33883, 33884, 33885, 37981, 37983, 37984, 37982, 34314, 33892, 33894, 33895, 33896, 33897, 34318, 34322, 34323, 34324, 34325, 34326, 34327, 34328, 34329, 34339, 34026, 34027, 34028, 34029, 34030, 34031, 34032, 34033, 34035, 34036, 34037, 34038, 34039, 34040, 34041, 34042, 34043, 34044, 34045, 34046, 34047, 34048, 34049, 34050, 34051, 34052, 34053, 34054, 34055, 34056, 34057, 34058, 34059, 34060, 34061, 34062, 34063, 34064, 34065, 34066, 34067, 34068, 34069, 34070, 34071, 34072, 34073, 34074, 34075, 34076, 34077, 34078, 34079, 34080, 34081, 34082, 34083, 34084, 34085, 34086, 34087, 34088, 34089, 34090, 34091, 34092, 34093, 34094, 34095, 34096, 34097, 34098, 34099, 34100, 34101, 34102, 34103, 34104, 34105, 34355, 34114, 34116, 34117, 34122, 34123, 34124, 34125, 34129, 34130, 34131, 34132, 34133, 34134, 34136, 34137, 34170, 34171, 34172, 34173, 34174, 34175, 34176, 34177, 34178, 34179, 34180, 34181, 34182, 34183, 34184, 34185, 34186, 34187, 34188, 34189, 34190, 34191, 34192, 34193, 34194, 34195, 34196, 34197, 34198, 34199, 34200, 34201, 34205, 34210, 34212, 34213, 34218, 34219, 34220, 34221, 34226, 34227, 34228, 34229, 34230, 34232, 34242, 34246, 34247, 34248, 34249, 34253, 37877, 37879, 37881, 37882, 37883, 37884, 34354, 37887]",0.2797450125217438,0.0024689999409019947,0.48367398977279663,0.3162829875946045,0.09306900203227997,0.5008909702301025,800,0.0
59,openable,1.0,"[36352, 36361, 36362, 36363, 36364, 35853, 36366, 35855, 36368, 36365, 36367, 44042, 44046, 44045, 44047, 28177, 36377, 36378, 36379, 36380, 35869, 36382, 35871, 36381, 36383, 36384, 36393, 36394, 36395, 44074, 36397, 36398, 36399, 36396, 36400, 36409, 36410, 36413, 36414, 36415, 28155, 36421, 36422, 36423, 36424, 36425, 36426, 36427, 36428, 35917, 35919, 36441, 36442, 36443, 35933, 36445, 35935, 36446, 36447, 36527, 36528, 36529, 36530, 36531, 35508, 36532, 36533, 36534, 35512, 36543, 36544, 36545, 36547, 36548, 16074, 36559, 36560, 36561, 36562, 36563, 36564, 36565, 36566, 16085, 16086, 16087, 16089, 16090, 16091, 36061, 36063, 36575, 36579, 28156, 16108, 36121, 36122, 36123, 36124, 36125, 36126, 36127, 36128, 43804, 43803, 43802, 43808, 43807, 43806, 36137, 36138, 36139, 36140, 36141, 36142, 36143, 36144, 36153, 36154, 36155, 36156, 43836, 36158, 36159, 36160, 43835, 43834, 43840, 43849, 43850, 43851, 43852, 36173, 36174, 36175, 36176, 36177, 36178, 36179, 36180, 43854, 43856, 43855, 28154, 43865, 43866, 43867, 43868, 43869, 43870, 43871, 43872, 36193, 36194, 36195, 36196, 36197, 36198, 36199, 36200, 43881, 43882, 43883, 43884, 28158, 43886, 28159, 43888, 36209, 36210, 36211, 36212, 36213, 36214, 36215, 36216, 43897, 43898, 43899, 43900, 43902, 36225, 36226, 36227, 36228, 36229, 36230, 36231, 36232, 44041, 36245, 36246, 36247, 36248, 36249, 36250, 36251, 36252, 44043, 44044, 36266, 36267, 36268, 36270, 36271, 36272, 36281, 36282, 36283, 36284, 36285, 36286, 36287, 36288, 36300, 36313, 36314, 36315, 36316, 43853, 36318, 36319, 36320, 36329, 36330, 36331, 36332, 36333, 36334, 36335, 36336, 28143, 28152, 36345, 36346, 36347, 36348, 36349, 36350, 36351]",0.34977099299430847,0.062495000660419464,0.47958698868751526,0.44979000091552734,0.15832500159740448,0.4879719913005829,800,0.0
60,openable,1.0,"[36353, 36354, 36355, 36356, 36357, 36358, 36359, 36360, 43861, 43862, 43863, 36369, 36370, 36371, 36372, 36373, 35862, 36375, 35864, 36374, 36376, 44050, 44053, 44052, 44054, 44056, 36385, 36386, 36387, 36388, 36389, 35878, 36390, 35880, 36392, 36391, 36401, 36402, 36403, 36404, 36405, 36406, 36407, 36408, 44081, 36417, 36418, 36420, 36429, 36430, 36431, 36432, 36433, 36434, 36435, 36436, 36437, 35926, 36439, 35928, 36440, 36438, 36449, 36450, 36452, 35942, 36455, 35944, 36456, 43864, 36535, 36536, 36538, 35515, 36540, 36539, 36542, 35519, 36567, 36568, 36570, 36571, 36572, 36574, 35557, 35558, 36070, 36072, 43809, 36129, 36130, 36131, 36132, 36133, 36134, 36135, 36136, 43811, 43812, 43815, 43816, 43813, 36145, 36146, 36147, 36148, 36149, 36150, 36151, 36152, 36161, 36162, 35651, 35652, 36163, 36164, 36165, 36166, 36167, 36168, 36169, 36170, 36171, 36172, 43847, 43857, 43858, 43859, 43860, 36181, 36182, 36183, 36184, 36185, 36186, 36187, 36188, 36189, 36190, 36191, 36192, 43873, 43874, 43875, 43876, 43877, 43878, 43879, 43880, 36201, 36202, 36203, 36204, 36205, 36206, 36207, 36208, 43889, 43890, 43891, 43892, 43893, 43895, 36217, 36218, 36219, 36220, 36221, 36222, 36223, 36224, 43905, 43906, 43907, 43908, 43909, 36233, 36234, 36235, 36236, 36237, 36238, 36239, 36240, 36241, 36242, 36243, 36244, 36253, 36254, 36255, 36256, 36257, 36258, 36259, 36260, 36261, 36262, 36263, 36264, 43841, 43843, 43844, 36273, 36274, 36275, 36276, 36277, 36278, 36279, 36280, 44049, 36289, 36290, 36291, 36292, 36293, 36294, 36295, 36296, 36307, 36321, 36322, 36323, 36324, 36325, 36327, 36328, 36337, 36338, 36339, 36340, 36341, 36342, 36343, 36344]",0.36300399899482727,0.06249000132083893,0.49209100008010864,0.44975799322128296,0.1492920070886612,0.49838900566101074,800,0.0
61,openable,1.0,"[36866, 36867, 36868, 36869, 36870, 36871, 36872, 36873, 36874, 36875, 36876, 36881, 36882, 36883, 36884, 36885, 36886, 36887, 36888, 36889, 36891, 36892, 36893, 36894, 36895, 36896, 36897, 36898, 36899, 36900, 36901, 36902, 36903, 36904, 36905, 36906, 36907, 36908, 36909, 36910, 36911, 36912, 36913, 36914, 36915, 36916, 36917, 36918, 36919, 36920, 36921, 36922, 36923, 36924, 36925, 36926, 36927, 36928, 36929, 36930, 36931, 36932, 36933, 36934, 36935, 36936, 36937, 36938, 36939, 36940, 36941, 36942, 36943, 36944, 36945, 36946, 36947, 36948, 36949, 36950, 36951, 36952, 36953, 36954, 36955, 36956, 36957, 36958, 36959, 36960, 36961, 36962, 36963, 36964, 36965, 36966, 36967, 36968, 36969, 36970, 36971, 36972, 36973, 36974, 36975, 36976, 36977, 36978, 36979, 36980, 36981, 36982, 36983, 36984, 36985, 36986, 36987, 36988, 36989, 36990, 36991, 36992, 36993, 36994, 36995, 36996, 36997, 36998, 36999, 37000, 37001, 37002, 37003, 37004, 37005, 37006, 37007, 37008, 37009, 37010, 37011, 37012, 37013, 37014, 37015, 37016, 37017, 37018, 37019, 37020, 37021, 37022, 37023, 37024, 37025, 37026, 37027, 37028, 37029, 37030, 37031, 37032, 37033, 37034, 37035, 37036, 37037, 37038, 37039, 37040, 37041, 37042, 37093, 37094, 37095, 37097, 37098, 37099, 37100, 37102, 37103, 37104, 37106, 37107, 37108, 37109, 37110, 37111, 37112, 37113, 37114, 37115, 37116, 37117, 37118, 37119, 37120, 37121, 37122, 37123, 37126, 37127, 37131, 37132, 37133, 37134, 37135, 37136, 37137, 37138, 37139, 37140, 17108, 37184, 37188, 37189, 37190, 37191, 37192, 37193, 37194, 37195, 37196, 29006, 37200, 29009, 17163, 17109, 37204, 37205, 37206, 37207, 37208, 37209, 37210, 37211, 37212, 37213, 37214, 37215, 37216, 37217, 37218, 37219, 37220, 37221, 37222, 37223, 37224, 37225, 37226, 37227, 37228, 37229, 37230, 37231, 37232, 37233, 37234, 37235, 37236, 37237, 37238, 37239, 37240, 37241, 37242, 37243, 37244, 37245, 37246, 37247, 37248, 37249, 37250, 37251, 37252, 37253, 37254, 37255, 37256, 37257, 37258, 37259, 37260, 37261, 37262, 37263, 37264, 37265, 37266, 37267, 37268, 37269, 37270, 37271, 37272, 37273, 37274, 37275, 37276, 37277, 37278, 37279, 37280, 37281, 37282, 37283, 37284, 37285, 37286, 37287, 37288, 37289, 37290, 37291, 37292, 37293, 37294, 37295, 37296, 37297, 37298, 37299, 37300, 37301, 37302, 37303, 37304, 37305, 37306, 37307, 37308, 37309, 37310, 37311, 37312, 37313, 37314, 37315, 37316, 37317, 37318, 37319, 37320, 37321, 37322, 37323, 37324, 37325, 37326, 37327, 37328, 37329, 37330, 37331, 37332, 37333, 37334, 37335, 37336, 37337, 37338, 37339, 37340, 37341, 37342, 37343, 37344, 37345, 37346, 37347, 37348, 37349, 37350, 37351, 37352, 37353, 37354, 37355, 37356, 37357, 37358, 37359, 37360, 37361, 37362, 37363, 37364, 37365, 37366, 37367, 37368, 37369, 37370, 37371, 37372, 37373, 37374, 37375, 37376, 37377, 37378, 37379, 37380, 37381, 37382, 37383, 37384, 37385, 37386, 37387, 37388, 37389, 37390, 37391, 37392, 37393, 37394, 37395, 37396, 37397, 37398, 37399, 37400, 37401, 37402, 37403, 37404, 37405, 37406, 37407, 37408, 37409, 37410, 37411, 37412, 37413, 37414, 37415, 37416, 37417, 37418, 37419, 37420, 37421, 37422, 37423, 37424, 37425, 37426, 37427, 37428, 37429, 37430, 37431, 37432, 37433, 37434, 37435, 37436, 37486, 37487, 37488, 37489, 37490, 37491, 37492, 37493, 37497, 37501, 37502, 37503, 37504, 37505, 37506, 37507, 37508, 37509, 37510, 37546, 37550, 37551, 37552, 37553, 37554, 37555, 37556, 37557, 37558, 37559, 37560, 37561, 37562, 37566, 37570, 37571, 37572, 37573, 37574, 37575, 37576, 37577, 37578, 37579, 37580, 37581, 37582, 37583, 37584, 37585, 37586, 37587, 37588, 37589, 37590, 37591, 37592, 37593, 37594, 37595, 37596, 37597, 37598, 37599, 37600, 37601, 37602, 37603, 37604, 37605, 37606, 37607, 37608, 37609, 37610, 37611, 37612, 37613, 37614, 37615, 37616, 37617, 37618, 37619, 37620, 37621, 37622, 37623, 45808, 37625, 37626, 37624, 37628, 37629, 37630, 37631, 37632, 37633, 37634, 37635, 37636, 37637, 37638, 37639, 37640, 37641, 37642, 37643, 37644, 37645, 37646, 37647, 37648, 37649, 37650, 37651, 37652, 37653, 37654, 37655, 37656, 37657, 37658, 37659, 37660, 37661, 37662, 37663, 37664, 37665, 37666, 37667, 37668, 37669, 37670, 37671, 37672, 37673, 37674, 37675, 37676, 37677, 37678, 37679, 37680, 37681, 37682, 37683, 37684, 37685, 37686, 37687, 37688, 37689, 37690, 37691, 37692, 37693, 37694, 37695, 37696, 37697, 37698, 37699, 37700, 37701, 37702, 37703, 37704, 37705, 37706, 37707, 37708, 37709, 37710, 37711, 37712, 37713, 16451, 37715, 37716, 45905, 45906, 16452, 45907, 45908, 37717, 37718, 16453, 37719, 37720, 37721, 37722, 37723, 37724, 37725, 37727, 37728, 37729, 37730, 45922, 45924, 37733, 37734, 45923, 37737, 37738, 37739, 37740, 37741, 37742, 37743, 37744, 45932, 45933, 45941, 45942, 45943, 45944, 37753, 37754, 37755, 37756, 37757, 37758, 37759, 37760, 37761, 37627, 37763, 37764, 37765, 37766, 45958, 45960, 37769, 37770, 45957, 45959, 37773, 37774, 37775, 37776, 37777, 37778, 37779, 37780, 37781, 37782, 37783, 37784, 37785, 37786, 37787, 37788, 37789, 37790, 37791, 37792, 37793, 37794, 37795, 37796, 37797, 37798, 37799, 37800, 37801, 45996, 45997, 45998, 45999, 46000, 46001, 46002, 46003, 46004, 46005, 46006, 46007, 46008, 37808, 37809, 37810, 37811, 37812, 46014, 37814, 37815, 46017, 46018, 37818, 37819, 37820, 37821, 37822, 37823, 37824, 37825, 37826, 37827, 37828, 46022, 46023, 46024, 46027, 46028, 46029, 46030, 46031, 46032, 46034, 46033, 46036, 46035, 46039, 46040, 46041, 46042, 46043, 46044, 46045, 46046, 46047, 46048, 46049, 46050, 46051, 46052, 46053, 46054, 46055, 46056, 46057, 46058, 46059, 46060, 46061, 46062, 46063, 46064, 46065, 46066, 46067, 46068, 46079, 46080, 46085, 46086, 46088, 45796, 46093, 46095, 46097, 46105, 46106, 46107, 46108, 46109, 46110, 46111, 45800, 46112, 46114, 46116, 45801, 46117, 46119, 46120, 46121, 45802, 46122, 46123, 46125, 46124, 46118, 45803, 46128, 46127, 46130, 46129, 45804, 46131, 46132, 45805, 45806, 46145, 45807, 46150, 46151, 45809, 45810, 45811, 45812, 45816, 45821, 45822, 45823, 45824, 45825, 45826, 45827, 45828, 45829, 45830, 45831, 45832, 38156, 38157, 38161, 38162, 38163, 38164, 38165, 38166, 38167, 38168, 38169, 38170, 38171, 38172, 38173, 38174, 38175, 38176, 38177, 38178, 38179, 38180, 38181, 38182, 38183, 38184, 38185, 38186, 38187, 38188, 38189, 38190, 38191, 38192, 38193, 38194, 38195, 38196, 38197, 38198, 38199, 38200, 38201, 38202, 38203, 38204, 38205, 38206, 38207, 38208, 38209, 38210, 38211, 38212, 38213, 38214, 38215, 38216, 38217, 38218, 38219, 38220, 38221, 38222, 38223, 38224, 38225, 38226, 38227, 38228, 38229, 38230, 38231, 38232, 38233, 38234, 38235, 38236, 37726, 37731, 37732, 45876, 37735, 37736, 45881, 45882, 37745, 37746, 37747, 37748, 37749, 37750, 37751, 37752, 37762, 37767, 45909, 37768, 45910, 45911, 45912, 37771, 45913, 37772, 45914, 45915, 45916, 45917, 45918, 45919, 45920, 45921, 45925, 45926, 45927, 45928, 45929, 45930, 45931, 17164, 45934, 45935, 45936, 45937, 17165, 45938, 45939, 45940, 37802, 37803, 45945, 37804, 45946, 37805, 45947, 37806, 45948, 37807, 45949, 45950, 45951, 45952, 45953, 37813, 45954, 45955, 45956, 37816, 37817, 45961, 45962, 45963, 45964, 45965, 45966, 45967, 45968, 45969, 45970, 45971, 45972, 45973, 45974, 45975, 45976, 45977, 45978, 45979, 45980, 45981, 45982, 45983, 45984, 45985, 45986, 45987, 45988, 45989, 45990, 45991, 45992, 45993, 45994, 45995, 46009, 46010, 46011, 46012, 46013, 46015, 46016, 28920, 28921, 46019, 46020, 46021, 46025, 46026, 37714, 46126, 16830, 16831, 16832, 16833, 16835, 16836, 16838, 16839, 16840, 16841, 15185, 15186, 15257, 15258, 15260, 15263, 15264, 15265, 15266, 15267, 15268, 15269, 15270, 15271, 15272, 15273, 15274, 15275, 15276, 15277, 15278, 15279, 15280, 15281, 15282, 15283, 15284, 15287, 15288, 15289, 15290, 15291, 15296, 15299, 15300, 15301, 15302, 15303, 15304, 15305, 15306, 15307, 15308, 15309, 15310, 15311, 15312, 15313, 15314, 15315, 15604, 15605, 15606, 15607, 15613, 15614, 15636, 15637, 15638, 15639, 15644, 15645, 15646, 15647, 28168, 28170, 28171, 28172, 28174, 28175, 28184, 28186, 28187, 28188, 28190, 28191, 28192, 28193, 28194, 28195, 28196, 28197, 28198, 28199, 28200, 28201, 28202, 28203, 28204, 28205, 28206, 28207, 28208, 28209, 28210, 28211, 28212, 28213, 28214, 28215, 28217, 28225, 28229, 16450, 16056, 16057, 16058, 16059, 16101, 16102, 16103, 16105, 16106, 16107, 16117, 16118, 16119, 16121, 16122, 16123, 16164, 16165, 16166, 16167, 16185, 16204, 16205, 16206, 16207, 16208, 16209, 16210, 16211, 16212, 16213, 16214, 16215, 16216, 16217, 16219, 16220, 16221, 16222, 16223, 16224, 16225, 16226, 16227, 16228, 16232, 16237, 36817, 36818, 36819, 36820, 36821, 36822, 36825, 36829, 36830, 36833, 36834, 36836, 36837, 36838, 36845, 36846, 36847, 36848, 36849, 36850, 36851, 36852, 36853, 36854, 36855, 36856, 36857, 36858, 36859, 36860, 36861, 36862, 36863]",0.28008899092674255,0.12710699439048767,0.3733159899711609,0.505843997001648,0.3946110010147095,0.5005369782447815,800,0.0
62,openable,1.0,"[45321, 45322, 45323, 45324, 45325, 45326, 45327, 45328, 45450, 45452, 45451, 45337, 45338, 45339, 45341, 45342, 45343, 45344, 45353, 45354, 45355, 45356, 45357, 45358, 45359, 45360, 44469, 44471, 45449, 45373, 45374, 45375, 45376, 45377, 45378, 45505, 45252, 45380, 45509, 45510, 45511, 45512, 45507, 17090, 17095, 17097, 45265, 45266, 45267, 45268, 45269, 45270, 45271, 45272, 45537, 45538, 44517, 25829, 44519, 28903, 28906, 17092, 45303, 45304, 45308]",0.505810022354126,-0.03933100029826164,0.47631898522377014,0.6479009985923767,0.13585999608039856,0.4850659966468811,800,0.0
63,openable,1.0,"[45312, 44544, 45317, 45319, 45320, 45329, 45330, 45331, 45332, 45333, 45334, 45335, 45336, 45345, 45346, 45347, 45348, 45349, 45350, 45351, 45352, 45361, 45362, 45363, 45364, 45365, 45366, 45367, 45368, 45369, 45370, 45371, 45372, 45381, 45382, 45383, 45384, 45385, 45386, 45387, 45388, 45391, 45392, 44678, 45461, 45462, 45463, 45464, 45469, 45476, 44478, 44480, 45513, 45514, 45515, 45259, 45517, 45518, 45516, 45520, 45519, 45526, 45273, 45274, 45275, 45276, 45277, 45278, 45279, 45280, 45533, 45545, 45546, 28905, 28908, 44526, 44528, 45309, 44542, 45311]",0.5058159828186035,0.07582999765872955,0.48082399368286133,0.5681620240211487,0.14252999424934387,0.49715501070022583,800,0.0
66,openable,1.0,"[46647, 46611, 46618, 46620, 46625, 46637, 46638, 46639, 45615, 46641, 46642, 46643, 46644, 46640, 45621, 46646, 46648, 45625, 46650, 45626, 46649, 46653, 46654, 45631, 46652, 45633, 45634, 45635, 45636, 46661, 46662, 46657, 46663, 46658, 46664, 45642, 46659, 45641, 45646, 46670, 45645, 46669, 45644, 45648, 46672, 46674, 45647, 46671, 46673, 46676, 46675, 46651, 46713, 46714, 46722, 45706, 45707, 45708, 45714, 45715, 45716, 45717, 45719, 45720, 46751, 46752, 46753, 45728, 45731, 46755, 46756, 45733, 45734, 45735, 46761, 46762, 45736, 46757, 45738, 45739, 45740, 45737, 46769, 45742, 45743, 45744, 45741, 46768, 46767, 45750, 46773, 45749, 45752, 45755, 45756, 46774, 46776, 45758, 45757, 46786, 46783, 46785, 45730, 45760, 46784, 45759, 46787, 46789, 46795, 46796, 46797, 46798, 46799, 46800, 46801, 45732, 46803, 46802, 46804, 46806, 46805, 46807, 46808, 46809, 46811, 46812, 46813, 46814, 46815, 46754, 46817, 46810, 46818, 46820, 46819, 17119, 46823, 46824, 46825, 46826, 46827, 46828, 46829, 46830, 46831, 46832, 46655, 46834, 46656, 46758, 46833, 45638, 45639, 46759, 46842, 45640, 46760, 28930, 46660, 46855, 46856, 45643, 45745, 46763, 45746, 46764, 45747, 46765, 45748, 46766, 46665, 46666, 45751, 46770, 45753, 46771, 45754, 46772, 46775, 46777, 46778, 46779, 46780, 46781, 46782, 46788, 46790, 46791, 46792, 46793, 46794, 45627, 46645, 45628]",0.5364570021629333,0.12709000706672668,0.4780620038509369,0.5684990286827087,0.22251400351524353,0.49715501070022583,800,0.0
69,openable,1.0,"[47104, 47105, 47106, 47107, 47108, 47109, 47112, 47113, 47116, 47117, 47118, 47119, 47120, 47121, 47122, 47126, 47127, 47128, 47130, 47131, 47132, 47133, 47134, 47137, 47138, 47141, 47142, 47143, 47144, 47148, 47149, 47150, 47151, 47153, 47154, 47155, 47157, 47158, 47159, 47160, 47161, 47162, 47163, 47164, 47165, 47168, 47169, 47170, 47171, 47172, 47173, 47174, 47175, 47176, 47180, 47181, 47182, 47183, 47184, 47185, 78, 47193, 47194, 47195, 47196, 47197, 47198, 47199, 47200, 47201, 47202, 98, 47208, 47209, 47210, 47211, 47212, 47213, 47214, 47215, 47216, 47217, 47218, 47221, 47230, 47231, 47232, 47233, 47234, 47235, 47236, 47237, 47238, 47245, 47249, 47250, 47251, 47257, 47261, 47262, 47263, 47264, 47265, 47271, 47272, 47276, 47281, 47283, 47284, 47285, 47286, 47287, 47288, 47289, 47290, 47291, 47293, 47298, 47299, 47304, 47305, 47306, 47307, 47308, 47309, 47310, 47311, 47312, 47313, 47314, 47315, 47320, 47321, 47326, 47327, 47328, 47329, 47330, 47331, 47332, 47333, 47334, 47342, 47343, 47346, 47348, 47349, 47350, 47351, 47352, 47353, 47354, 47361, 47362, 47367, 47368, 47369, 47370, 47371, 47372, 47378, 47379, 47382, 47383, 47385, 47386, 47387, 47389, 47390, 47015, 47016, 47017, 47018, 47019, 47020, 47021, 47022, 47023, 47024, 47026, 47027, 47028, 47029, 47030, 47031, 47035, 47036, 47037, 47038, 47039, 47040, 47041, 47042, 47048, 47049, 47050, 47051, 47052, 47053, 47056, 47060, 47061, 47062, 47063, 47065, 47071, 47075, 47076, 47077, 47081, 47082, 47084, 47087, 47089, 47090, 47091, 47092, 47093, 47095, 47098, 47099, 47101, 47102, 47103]",-0.6680870056152344,-0.2920970022678375,0.48884299397468567,0.1387699991464615,0.3111160099506378,0.5587819814682007,800,0.0
